date,country,SiteName,Technology,updatedby,updatetime,Volume
2024-01-01,France,Blenod-5,Gas,unknown,2026-06-04 07:48:45.675565,6753.0
2024-01-01,Great Britain,Hornsea-1,Wind,unknown,2026-06-04 07:48:45.618769,260.166079
2024-01-01,Great Britain,Hornsea-2,Wind,unknown,2026-06-04 07:48:45.618769,85.60342828
2024-01-01,Great Britain,Pembroke-1,Gas,unknown,2026-06-04 07:48:45.646647,6570.0
2024-01-01,Great Britain,Pembroke-2,Gas,unknown,2026-06-04 07:48:45.646647,8398.0
2024-01-02,France,Blenod-5,Gas,unknown,2026-06-04 07:48:45.675565,3648.0
2024-01-02,Great Britain,Hornsea-1,Wind,unknown,2026-06-04 07:48:45.618769,530.6005281
2024-01-02,Great Britain,Hornsea-2,Wind,unknown,2026-06-04 07:48:45.618769,133.2142362
2024-01-02,Great Britain,Pembroke-1,Gas,unknown,2026-06-04 07:48:45.646647,8970.0
2024-01-02,Great Britain,Pembroke-2,Gas,unknown,2026-06-04 07:48:45.646647,5181.0
2024-01-03,France,Blenod-5,Gas,unknown,2026-06-04 07:48:45.675565,5206.0
2024-01-03,Great Britain,Hornsea-1,Wind,unknown,2026-06-04 07:48:45.618769,259.7834765
2024-01-03,Great Britain,Hornsea-2,Wind,unknown,2026-06-04 07:48:45.618769,606.6420194
2024-01-03,Great Britain,Pembroke-1,Gas,unknown,2026-06-04 07:48:45.646647,5594.0
2024-01-03,Great Britain,Pembroke-2,Gas,unknown,2026-06-04 07:48:45.646647,5822.0
2024-01-04,France,Blenod-5,Gas,unknown,2026-06-04 07:48:45.675565,6970.0
2024-01-04,Great Britain,Hornsea-1,Wind,unknown,2026-06-04 07:48:45.618769,709.5798441
2024-01-04,Great Britain,Hornsea-2,Wind,unknown,2026-06-04 07:48:45.618769,598.6012806
2024-01-04,Great Britain,Pembroke-1,Gas,unknown,2026-06-04 07:48:45.646647,6518.0
2024-01-04,Great Britain,Pembroke-2,Gas,unknown,2026-06-04 07:48:45.646647,8241.0
2024-01-05,France,Blenod-5,Gas,unknown,2026-06-04 07:48:45.675565,6812.0
2024-01-05,Great Britain,Hornsea-1,Wind,unknown,2026-06-04 07:48:45.618769,101.9762534
2024-01-05,Great Britain,Hornsea-2,Wind,unknown,2026-06-04 07:48:45.618769,680.2969693
2024-01-05,Great Britain,Pembroke-1,Gas,unknown,2026-06-04 07:48:45.646647,8477.0
2024-01-05,Great Britain,Pembroke-2,Gas,unknown,2026-06-04 07:48:45.646647,5358.0
2024-01-06,France,Blenod-5,Gas,unknown,2026-06-04 07:48:45.675565,4252.0
2024-01-06,Great Britain,Hornsea-1,Wind,unknown,2026-06-04 07:48:45.618769,233.7206177
2024-01-06,Great Britain,Hornsea-2,Wind,unknown,2026-06-04 07:48:45.618769,169.1019983
2024-01-06,Great Britain,Pembroke-1,Gas,unknown,2026-06-04 07:48:45.646647,6658.0
2024-01-06,Great Britain,Pembroke-2,Gas,unknown,2026-06-04 07:48:45.646647,7139.0
2024-01-07,France,Blenod-5,Gas,unknown,2026-06-04 07:48:45.675565,5740.0
2024-01-07,Great Britain,Hornsea-1,Wind,unknown,2026-06-04 07:48:45.618769,630.2384393
2024-01-07,Great Britain,Hornsea-2,Wind,unknown,2026-06-04 07:48:45.618769,547.9842019
2024-01-07,Great Britain,Pembroke-1,Gas,unknown,2026-06-04 07:48:45.646647,5163.0
2024-01-07,Great Britain,Pembroke-2,Gas,unknown,2026-06-04 07:48:45.646647,5656.0
2024-01-08,France,Blenod-5,Gas,unknown,2026-06-04 07:48:45.675565,6646.0
2024-01-08,Great Britain,Hornsea-1,Wind,unknown,2026-06-04 07:48:45.618769,408.0701775
2024-01-08,Great Britain,Hornsea-2,Wind,unknown,2026-06-04 07:48:45.618769,553.8693478
2024-01-08,Great Britain,Pembroke-1,Gas,unknown,2026-06-04 07:48:45.646647,5538.0
2024-01-08,Great Britain,Pembroke-2,Gas,unknown,2026-06-04 07:48:45.646647,6576.0
2024-01-09,France,Blenod-5,Gas,unknown,2026-06-04 07:48:45.675565,4311.0
2024-01-09,Great Britain,Hornsea-1,Wind,unknown,2026-06-04 07:48:45.618769,273.1590326
2024-01-09,Great Britain,Hornsea-2,Wind,unknown,2026-06-04 07:48:45.618769,141.6416313
2024-01-09,Great Britain,Pembroke-1,Gas,unknown,2026-06-04 07:48:45.646647,8697.0
2024-01-09,Great Britain,Pembroke-2,Gas,unknown,2026-06-04 07:48:45.646647,8187.0
2024-01-10,France,Blenod-5,Gas,unknown,2026-06-04 07:48:45.675565,6276.0
2024-01-10,Great Britain,Hornsea-1,Wind,unknown,2026-06-04 07:48:45.618769,181.3019896
2024-01-10,Great Britain,Hornsea-2,Wind,unknown,2026-06-04 07:48:45.618769,898.2127608
2024-01-10,Great Britain,Pembroke-1,Gas,unknown,2026-06-04 07:48:45.646647,6849.0
2024-01-10,Great Britain,Pembroke-2,Gas,unknown,2026-06-04 07:48:45.646647,7016.0
2024-01-11,France,Blenod-5,Gas,unknown,2026-06-04 07:48:45.675565,6942.0
2024-01-11,Great Britain,Hornsea-1,Wind,unknown,2026-06-04 07:48:45.618769,910.147904
2024-01-11,Great Britain,Hornsea-2,Wind,unknown,2026-06-04 07:48:45.618769,755.7316496
2024-01-11,Great Britain,Pembroke-1,Gas,unknown,2026-06-04 07:48:45.646647,8081.0
2024-01-11,Great Britain,Pembroke-2,Gas,unknown,2026-06-04 07:48:45.646647,6488.0
2024-01-12,France,Blenod-5,Gas,unknown,2026-06-04 07:48:45.675565,6985.0
2024-01-12,Great Britain,Hornsea-1,Wind,unknown,2026-06-04 07:48:45.618769,200.2554154
2024-01-12,Great Britain,Hornsea-2,Wind,unknown,2026-06-04 07:48:45.618769,43.52844167
2024-01-12,Great Britain,Pembroke-1,Gas,unknown,2026-06-04 07:48:45.646647,8642.0
2024-01-12,Great Britain,Pembroke-2,Gas,unknown,2026-06-04 07:48:45.646647,6293.0
2024-02-01,France,Blenod-5,Gas,unknown,2026-06-04 07:48:45.675565,3896.0
2024-02-01,Great Britain,Hornsea-1,Wind,unknown,2026-06-04 07:48:45.618769,709.48082
2024-02-01,Great Britain,Hornsea-2,Wind,unknown,2026-06-04 07:48:45.618769,379.7822219
2024-02-01,Great Britain,Pembroke-1,Gas,unknown,2026-06-04 07:48:45.646647,8068.0
2024-02-01,Great Britain,Pembroke-2,Gas,unknown,2026-06-04 07:48:45.646647,8941.0
2024-02-02,France,Blenod-5,Gas,unknown,2026-06-04 07:48:45.675565,6059.0
2024-02-02,Great Britain,Hornsea-1,Wind,unknown,2026-06-04 07:48:45.618769,282.0222728
2024-02-02,Great Britain,Hornsea-2,Wind,unknown,2026-06-04 07:48:45.618769,244.8115306
2024-02-02,Great Britain,Pembroke-1,Gas,unknown,2026-06-04 07:48:45.646647,7160.0
2024-02-02,Great Britain,Pembroke-2,Gas,unknown,2026-06-04 07:48:45.646647,8796.0
2024-02-03,France,Blenod-5,Gas,unknown,2026-06-04 07:48:45.675565,3541.0
2024-02-03,Great Britain,Hornsea-1,Wind,unknown,2026-06-04 07:48:45.618769,472.3936575
2024-02-03,Great Britain,Hornsea-2,Wind,unknown,2026-06-04 07:48:45.618769,766.9444882
2024-02-03,Great Britain,Pembroke-1,Gas,unknown,2026-06-04 07:48:45.646647,8225.0
2024-02-03,Great Britain,Pembroke-2,Gas,unknown,2026-06-04 07:48:45.646647,6175.0
2024-02-04,France,Blenod-5,Gas,unknown,2026-06-04 07:48:45.675565,4795.0
2024-02-04,Great Britain,Hornsea-1,Wind,unknown,2026-06-04 07:48:45.618769,743.3741473
2024-02-04,Great Britain,Hornsea-2,Wind,unknown,2026-06-04 07:48:45.618769,701.7451267
2024-02-04,Great Britain,Pembroke-1,Gas,unknown,2026-06-04 07:48:45.646647,8438.0
2024-02-04,Great Britain,Pembroke-2,Gas,unknown,2026-06-04 07:48:45.646647,8316.0
2024-02-05,France,Blenod-5,Gas,unknown,2026-06-04 07:48:45.675565,3929.0
2024-02-05,Great Britain,Hornsea-1,Wind,unknown,2026-06-04 07:48:45.618769,451.5761811
2024-02-05,Great Britain,Hornsea-2,Wind,unknown,2026-06-04 07:48:45.618769,700.4729157
2024-02-05,Great Britain,Pembroke-1,Gas,unknown,2026-06-04 07:48:45.646647,6446.0
2024-02-05,Great Britain,Pembroke-2,Gas,unknown,2026-06-04 07:48:45.646647,7113.0
2024-02-06,France,Blenod-5,Gas,unknown,2026-06-04 07:48:45.675565,5211.0
2024-02-06,Great Britain,Hornsea-1,Wind,unknown,2026-06-04 07:48:45.618769,48.94217702
2024-02-06,Great Britain,Hornsea-2,Wind,unknown,2026-06-04 07:48:45.618769,334.4659506
2024-02-06,Great Britain,Pembroke-1,Gas,unknown,2026-06-04 07:48:45.646647,5647.0
2024-02-06,Great Britain,Pembroke-2,Gas,unknown,2026-06-04 07:48:45.646647,6603.0
2024-02-07,France,Blenod-5,Gas,unknown,2026-06-04 07:48:45.675565,4603.0
2024-02-07,Great Britain,Hornsea-1,Wind,unknown,2026-06-04 07:48:45.618769,276.305406
2024-02-07,Great Britain,Hornsea-2,Wind,unknown,2026-06-04 07:48:45.618769,642.7169888
2024-02-07,Great Britain,Pembroke-1,Gas,unknown,2026-06-04 07:48:45.646647,8761.0
2024-02-07,Great Britain,Pembroke-2,Gas,unknown,2026-06-04 07:48:45.646647,6736.0
2024-02-08,France,Blenod-5,Gas,unknown,2026-06-04 07:48:45.675565,4353.0
2024-02-08,Great Britain,Hornsea-1,Wind,unknown,2026-06-04 07:48:45.618769,447.2693847
2024-02-08,Great Britain,Hornsea-2,Wind,unknown,2026-06-04 07:48:45.618769,487.1352177
2024-02-08,Great Britain,Pembroke-1,Gas,unknown,2026-06-04 07:48:45.646647,8536.0
2024-02-08,Great Britain,Pembroke-2,Gas,unknown,2026-06-04 07:48:45.646647,5262.0
2024-02-09,France,Blenod-5,Gas,unknown,2026-06-04 07:48:45.675565,5578.0
2024-02-09,Great Britain,Hornsea-1,Wind,unknown,2026-06-04 07:48:45.618769,24.26015911
2024-02-09,Great Britain,Hornsea-2,Wind,unknown,2026-06-04 07:48:45.618769,80.13847914
2024-02-09,Great Britain,Pembroke-1,Gas,unknown,2026-06-04 07:48:45.646647,7422.0
2024-02-09,Great Britain,Pembroke-2,Gas,unknown,2026-06-04 07:48:45.646647,8515.0
2024-02-10,France,Blenod-5,Gas,unknown,2026-06-04 07:48:45.675565,4121.0
2024-02-10,Great Britain,Hornsea-1,Wind,unknown,2026-06-04 07:48:45.618769,725.3958868
2024-02-10,Great Britain,Hornsea-2,Wind,unknown,2026-06-04 07:48:45.618769,115.195275
2024-02-10,Great Britain,Pembroke-1,Gas,unknown,2026-06-04 07:48:45.646647,7552.0
2024-02-10,Great Britain,Pembroke-2,Gas,unknown,2026-06-04 07:48:45.646647,5324.0
2024-02-11,France,Blenod-5,Gas,unknown,2026-06-04 07:48:45.675565,5356.0
2024-02-11,Great Britain,Hornsea-1,Wind,unknown,2026-06-04 07:48:45.618769,879.7361942
2024-02-11,Great Britain,Hornsea-2,Wind,unknown,2026-06-04 07:48:45.618769,562.0591089
2024-02-11,Great Britain,Pembroke-1,Gas,unknown,2026-06-04 07:48:45.646647,8130.0
2024-02-11,Great Britain,Pembroke-2,Gas,unknown,2026-06-04 07:48:45.646647,5205.0
2024-02-12,France,Blenod-5,Gas,unknown,2026-06-04 07:48:45.675565,5134.0
2024-02-12,Great Britain,Hornsea-1,Wind,unknown,2026-06-04 07:48:45.618769,542.5803709
2024-02-12,Great Britain,Hornsea-2,Wind,unknown,2026-06-04 07:48:45.618769,565.4859843
2024-02-12,Great Britain,Pembroke-1,Gas,unknown,2026-06-04 07:48:45.646647,5057.0
2024-02-12,Great Britain,Pembroke-2,Gas,unknown,2026-06-04 07:48:45.646647,6205.0
2024-03-01,France,Blenod-5,Gas,unknown,2026-06-04 07:48:45.675565,3636.0
2024-03-01,Great Britain,Hornsea-1,Wind,unknown,2026-06-04 07:48:45.618769,431.5276805
2024-03-01,Great Britain,Hornsea-2,Wind,unknown,2026-06-04 07:48:45.618769,260.832893
2024-03-01,Great Britain,Pembroke-1,Gas,unknown,2026-06-04 07:48:45.646647,7225.0
2024-03-01,Great Britain,Pembroke-2,Gas,unknown,2026-06-04 07:48:45.646647,8626.0
2024-03-02,France,Blenod-5,Gas,unknown,2026-06-04 07:48:45.675565,4576.0
2024-03-02,Great Britain,Hornsea-1,Wind,unknown,2026-06-04 07:48:45.618769,708.5709006
2024-03-02,Great Britain,Hornsea-2,Wind,unknown,2026-06-04 07:48:45.618769,359.7634625
2024-03-02,Great Britain,Pembroke-1,Gas,unknown,2026-06-04 07:48:45.646647,7408.0
2024-03-02,Great Britain,Pembroke-2,Gas,unknown,2026-06-04 07:48:45.646647,5932.0
2024-03-03,France,Blenod-5,Gas,unknown,2026-06-04 07:48:45.675565,5206.0
2024-03-03,Great Britain,Hornsea-1,Wind,unknown,2026-06-04 07:48:45.618769,494.3037271
2024-03-03,Great Britain,Hornsea-2,Wind,unknown,2026-06-04 07:48:45.618769,341.3396696
2024-03-03,Great Britain,Pembroke-1,Gas,unknown,2026-06-04 07:48:45.646647,6186.0
2024-03-03,Great Britain,Pembroke-2,Gas,unknown,2026-06-04 07:48:45.646647,7567.0
2024-03-04,France,Blenod-5,Gas,unknown,2026-06-04 07:48:45.675565,6663.0
2024-03-04,Great Britain,Hornsea-1,Wind,unknown,2026-06-04 07:48:45.618769,707.4204982
2024-03-04,Great Britain,Hornsea-2,Wind,unknown,2026-06-04 07:48:45.618769,493.2184362
2024-03-04,Great Britain,Pembroke-1,Gas,unknown,2026-06-04 07:48:45.646647,5834.0
2024-03-04,Great Britain,Pembroke-2,Gas,unknown,2026-06-04 07:48:45.646647,6629.0
2024-03-05,France,Blenod-5,Gas,unknown,2026-06-04 07:48:45.675565,6339.0
2024-03-05,Great Britain,Hornsea-1,Wind,unknown,2026-06-04 07:48:45.618769,887.1696158
2024-03-05,Great Britain,Hornsea-2,Wind,unknown,2026-06-04 07:48:45.618769,189.1034479
2024-03-05,Great Britain,Pembroke-1,Gas,unknown,2026-06-04 07:48:45.646647,7370.0
2024-03-05,Great Britain,Pembroke-2,Gas,unknown,2026-06-04 07:48:45.646647,7513.0
2024-03-06,France,Blenod-5,Gas,unknown,2026-06-04 07:48:45.675565,3853.0
2024-03-06,Great Britain,Hornsea-1,Wind,unknown,2026-06-04 07:48:45.618769,226.7865789
2024-03-06,Great Britain,Hornsea-2,Wind,unknown,2026-06-04 07:48:45.618769,385.4983509
2024-03-06,Great Britain,Pembroke-1,Gas,unknown,2026-06-04 07:48:45.646647,7920.0
2024-03-06,Great Britain,Pembroke-2,Gas,unknown,2026-06-04 07:48:45.646647,8407.0
2024-03-07,France,Blenod-5,Gas,unknown,2026-06-04 07:48:45.675565,3299.0
2024-03-07,Great Britain,Hornsea-1,Wind,unknown,2026-06-04 07:48:45.618769,556.1357926
2024-03-07,Great Britain,Hornsea-2,Wind,unknown,2026-06-04 07:48:45.618769,532.9807957
2024-03-07,Great Britain,Pembroke-1,Gas,unknown,2026-06-04 07:48:45.646647,6317.0
2024-03-07,Great Britain,Pembroke-2,Gas,unknown,2026-06-04 07:48:45.646647,8468.0
2024-03-08,France,Blenod-5,Gas,unknown,2026-06-04 07:48:45.675565,6288.0
2024-03-08,Great Britain,Hornsea-1,Wind,unknown,2026-06-04 07:48:45.618769,308.5970709
2024-03-08,Great Britain,Hornsea-2,Wind,unknown,2026-06-04 07:48:45.618769,859.6981872
2024-03-08,Great Britain,Pembroke-1,Gas,unknown,2026-06-04 07:48:45.646647,6581.0
2024-03-08,Great Britain,Pembroke-2,Gas,unknown,2026-06-04 07:48:45.646647,7900.0
2024-03-09,France,Blenod-5,Gas,unknown,2026-06-04 07:48:45.675565,4211.0
2024-03-09,Great Britain,Hornsea-1,Wind,unknown,2026-06-04 07:48:45.618769,415.0891836
2024-03-09,Great Britain,Hornsea-2,Wind,unknown,2026-06-04 07:48:45.618769,828.9349096
2024-03-09,Great Britain,Pembroke-1,Gas,unknown,2026-06-04 07:48:45.646647,8791.0
2024-03-09,Great Britain,Pembroke-2,Gas,unknown,2026-06-04 07:48:45.646647,5904.0
2024-03-10,France,Blenod-5,Gas,unknown,2026-06-04 07:48:45.675565,4397.0
2024-03-10,Great Britain,Hornsea-1,Wind,unknown,2026-06-04 07:48:45.618769,343.8374038
2024-03-10,Great Britain,Hornsea-2,Wind,unknown,2026-06-04 07:48:45.618769,580.7282597
2024-03-10,Great Britain,Pembroke-1,Gas,unknown,2026-06-04 07:48:45.646647,7351.0
2024-03-10,Great Britain,Pembroke-2,Gas,unknown,2026-06-04 07:48:45.646647,7200.0
2024-03-11,France,Blenod-5,Gas,unknown,2026-06-04 07:48:45.675565,3108.0
2024-03-11,Great Britain,Hornsea-1,Wind,unknown,2026-06-04 07:48:45.618769,590.1002412
2024-03-11,Great Britain,Hornsea-2,Wind,unknown,2026-06-04 07:48:45.618769,822.8356126
2024-03-11,Great Britain,Pembroke-1,Gas,unknown,2026-06-04 07:48:45.646647,7129.0
2024-03-11,Great Britain,Pembroke-2,Gas,unknown,2026-06-04 07:48:45.646647,6474.0
2024-03-12,France,Blenod-5,Gas,unknown,2026-06-04 07:48:45.675565,4846.0
2024-03-12,Great Britain,Hornsea-1,Wind,unknown,2026-06-04 07:48:45.618769,502.6441211
2024-03-12,Great Britain,Hornsea-2,Wind,unknown,2026-06-04 07:48:45.618769,246.506316
2024-03-12,Great Britain,Pembroke-1,Gas,unknown,2026-06-04 07:48:45.646647,6453.0
2024-03-12,Great Britain,Pembroke-2,Gas,unknown,2026-06-04 07:48:45.646647,5563.0
2024-04-01,France,Blenod-5,Gas,unknown,2026-06-04 07:48:45.675565,5138.0
2024-04-01,Great Britain,Hornsea-1,Wind,unknown,2026-06-04 07:48:45.618769,223.8684725
2024-04-01,Great Britain,Hornsea-2,Wind,unknown,2026-06-04 07:48:45.618769,-550.3079269
2024-04-01,Great Britain,Pembroke-1,Gas,unknown,2026-06-04 07:48:45.646647,5390.0
2024-04-01,Great Britain,Pembroke-2,Gas,unknown,2026-06-04 07:48:45.646647,6347.0
2024-04-02,France,Blenod-5,Gas,unknown,2026-06-04 07:48:45.675565,4906.0
2024-04-02,Great Britain,Hornsea-1,Wind,unknown,2026-06-04 07:48:45.618769,44.27761517
2024-04-02,Great Britain,Hornsea-2,Wind,unknown,2026-06-04 07:48:45.618769,807.4361658
2024-04-02,Great Britain,Pembroke-1,Gas,unknown,2026-06-04 07:48:45.646647,5288.0
2024-04-02,Great Britain,Pembroke-2,Gas,unknown,2026-06-04 07:48:45.646647,5557.0
2024-04-03,France,Blenod-5,Gas,unknown,2026-06-04 07:48:45.675565,4498.0
2024-04-03,Great Britain,Hornsea-1,Wind,unknown,2026-06-04 07:48:45.618769,76.44770227
2024-04-03,Great Britain,Hornsea-2,Wind,unknown,2026-06-04 07:48:45.618769,274.030622
2024-04-03,Great Britain,Pembroke-1,Gas,unknown,2026-06-04 07:48:45.646647,7732.0
2024-04-03,Great Britain,Pembroke-2,Gas,unknown,2026-06-04 07:48:45.646647,7928.0
2024-04-04,France,Blenod-5,Gas,unknown,2026-06-04 07:48:45.675565,5778.0
2024-04-04,Great Britain,Hornsea-1,Wind,unknown,2026-06-04 07:48:45.618769,410.9542817
2024-04-04,Great Britain,Hornsea-2,Wind,unknown,2026-06-04 07:48:45.618769,147.8590588
2024-04-04,Great Britain,Pembroke-1,Gas,unknown,2026-06-04 07:48:45.646647,8941.0
2024-04-04,Great Britain,Pembroke-2,Gas,unknown,2026-06-04 07:48:45.646647,7451.0
2024-04-05,France,Blenod-5,Gas,unknown,2026-06-04 07:48:45.675565,4372.0
2024-04-05,Great Britain,Hornsea-1,Wind,unknown,2026-06-04 07:48:45.618769,667.4369129
2024-04-05,Great Britain,Hornsea-2,Wind,unknown,2026-06-04 07:48:45.618769,543.3545316
2024-04-05,Great Britain,Pembroke-1,Gas,unknown,2026-06-04 07:48:45.646647,7031.0
2024-04-05,Great Britain,Pembroke-2,Gas,unknown,2026-06-04 07:48:45.646647,5642.0
2024-04-06,France,Blenod-5,Gas,unknown,2026-06-04 07:48:45.675565,5685.0
2024-04-06,Great Britain,Hornsea-1,Wind,unknown,2026-06-04 07:48:45.618769,406.0526593
2024-04-06,Great Britain,Hornsea-2,Wind,unknown,2026-06-04 07:48:45.618769,536.5476162
2024-04-06,Great Britain,Pembroke-1,Gas,unknown,2026-06-04 07:48:45.646647,5001.0
2024-04-06,Great Britain,Pembroke-2,Gas,unknown,2026-06-04 07:48:45.646647,6902.0
2024-04-07,France,Blenod-5,Gas,unknown,2026-06-04 07:48:45.675565,4340.0
2024-04-07,Great Britain,Hornsea-1,Wind,unknown,2026-06-04 07:48:45.618769,604.3041596
2024-04-07,Great Britain,Hornsea-2,Wind,unknown,2026-06-04 07:48:45.618769,720.074516
2024-04-07,Great Britain,Pembroke-1,Gas,unknown,2026-06-04 07:48:45.646647,7144.0
2024-04-07,Great Britain,Pembroke-2,Gas,unknown,2026-06-04 07:48:45.646647,7899.0
2024-04-08,France,Blenod-5,Gas,unknown,2026-06-04 07:48:45.675565,3467.0
2024-04-08,Great Britain,Hornsea-1,Wind,unknown,2026-06-04 07:48:45.618769,6.695016408
2024-04-08,Great Britain,Hornsea-2,Wind,unknown,2026-06-04 07:48:45.618769,612.3641803
2024-04-08,Great Britain,Pembroke-1,Gas,unknown,2026-06-04 07:48:45.646647,7210.0
2024-04-08,Great Britain,Pembroke-2,Gas,unknown,2026-06-04 07:48:45.646647,7649.0
2024-04-09,France,Blenod-5,Gas,unknown,2026-06-04 07:48:45.675565,6833.0
2024-04-09,Great Britain,Hornsea-1,Wind,unknown,2026-06-04 07:48:45.618769,373.7941222
2024-04-09,Great Britain,Hornsea-2,Wind,unknown,2026-06-04 07:48:45.618769,277.6114939
2024-04-09,Great Britain,Pembroke-1,Gas,unknown,2026-06-04 07:48:45.646647,8608.0
2024-04-09,Great Britain,Pembroke-2,Gas,unknown,2026-06-04 07:48:45.646647,7530.0
2024-04-10,France,Blenod-5,Gas,unknown,2026-06-04 07:48:45.675565,6487.0
2024-04-10,Great Britain,Hornsea-1,Wind,unknown,2026-06-04 07:48:45.618769,728.5991772
2024-04-10,Great Britain,Hornsea-2,Wind,unknown,2026-06-04 07:48:45.618769,303.1710631
2024-04-10,Great Britain,Pembroke-1,Gas,unknown,2026-06-04 07:48:45.646647,7250.0
2024-04-10,Great Britain,Pembroke-2,Gas,unknown,2026-06-04 07:48:45.646647,5695.0
2024-04-11,France,Blenod-5,Gas,unknown,2026-06-04 07:48:45.675565,6518.0
2024-04-11,Great Britain,Hornsea-1,Wind,unknown,2026-06-04 07:48:45.618769,646.5786194
2024-04-11,Great Britain,Hornsea-2,Wind,unknown,2026-06-04 07:48:45.618769,463.5114214
2024-04-11,Great Britain,Pembroke-1,Gas,unknown,2026-06-04 07:48:45.646647,6571.0
2024-04-11,Great Britain,Pembroke-2,Gas,unknown,2026-06-04 07:48:45.646647,6167.0
2024-04-12,France,Blenod-5,Gas,unknown,2026-06-04 07:48:45.675565,4081.0
2024-04-12,Great Britain,Hornsea-1,Wind,unknown,2026-06-04 07:48:45.618769,94.11942819
2024-04-12,Great Britain,Hornsea-2,Wind,unknown,2026-06-04 07:48:45.618769,757.824939
2024-04-12,Great Britain,Pembroke-1,Gas,unknown,2026-06-04 07:48:45.646647,5851.0
2024-04-12,Great Britain,Pembroke-2,Gas,unknown,2026-06-04 07:48:45.646647,5790.0
2024-05-01,France,Blenod-5,Gas,unknown,2026-06-04 07:48:45.675565,5265.0
2024-05-01,Great Britain,Hornsea-1,Wind,unknown,2026-06-04 07:48:45.618769,686.9850089
2024-05-01,Great Britain,Hornsea-2,Wind,unknown,2026-06-04 07:48:45.618769,-523.8998475
2024-05-01,Great Britain,Pembroke-1,Gas,unknown,2026-06-04 07:48:45.646647,6720.0
2024-05-01,Great Britain,Pembroke-2,Gas,unknown,2026-06-04 07:48:45.646647,5204.0
2024-05-02,France,Blenod-5,Gas,unknown,2026-06-04 07:48:45.675565,3632.0
2024-05-02,Great Britain,Hornsea-1,Wind,unknown,2026-06-04 07:48:45.618769,943.4803517
2024-05-02,Great Britain,Hornsea-2,Wind,unknown,2026-06-04 07:48:45.618769,732.6255927
2024-05-02,Great Britain,Pembroke-1,Gas,unknown,2026-06-04 07:48:45.646647,5678.0
2024-05-02,Great Britain,Pembroke-2,Gas,unknown,2026-06-04 07:48:45.646647,8944.0
2024-05-03,France,Blenod-5,Gas,unknown,2026-06-04 07:48:45.675565,6179.0
2024-05-03,Great Britain,Hornsea-1,Wind,unknown,2026-06-04 07:48:45.618769,478.3433875
2024-05-03,Great Britain,Hornsea-2,Wind,unknown,2026-06-04 07:48:45.618769,920.437886
2024-05-03,Great Britain,Pembroke-1,Gas,unknown,2026-06-04 07:48:45.646647,6960.0
2024-05-03,Great Britain,Pembroke-2,Gas,unknown,2026-06-04 07:48:45.646647,5653.0
2024-05-04,France,Blenod-5,Gas,unknown,2026-06-04 07:48:45.675565,3848.0
2024-05-04,Great Britain,Hornsea-1,Wind,unknown,2026-06-04 07:48:45.618769,67.20217912
2024-05-04,Great Britain,Hornsea-2,Wind,unknown,2026-06-04 07:48:45.618769,329.6442161
2024-05-04,Great Britain,Pembroke-1,Gas,unknown,2026-06-04 07:48:45.646647,5251.0
2024-05-04,Great Britain,Pembroke-2,Gas,unknown,2026-06-04 07:48:45.646647,5531.0
2024-05-05,France,Blenod-5,Gas,unknown,2026-06-04 07:48:45.675565,6898.0
2024-05-05,Great Britain,Hornsea-1,Wind,unknown,2026-06-04 07:48:45.618769,215.0602215
2024-05-05,Great Britain,Hornsea-2,Wind,unknown,2026-06-04 07:48:45.618769,462.2583833
2024-05-05,Great Britain,Pembroke-1,Gas,unknown,2026-06-04 07:48:45.646647,6486.0
2024-05-05,Great Britain,Pembroke-2,Gas,unknown,2026-06-04 07:48:45.646647,7097.0
2024-05-06,France,Blenod-5,Gas,unknown,2026-06-04 07:48:45.675565,4712.0
2024-05-06,Great Britain,Hornsea-1,Wind,unknown,2026-06-04 07:48:45.618769,460.183978
2024-05-06,Great Britain,Hornsea-2,Wind,unknown,2026-06-04 07:48:45.618769,183.8620171
2024-05-06,Great Britain,Pembroke-1,Gas,unknown,2026-06-04 07:48:45.646647,7923.0
2024-05-06,Great Britain,Pembroke-2,Gas,unknown,2026-06-04 07:48:45.646647,7605.0
2024-05-07,France,Blenod-5,Gas,unknown,2026-06-04 07:48:45.675565,6253.0
2024-05-07,Great Britain,Hornsea-1,Wind,unknown,2026-06-04 07:48:45.618769,896.8524948
2024-05-07,Great Britain,Hornsea-2,Wind,unknown,2026-06-04 07:48:45.618769,454.4214499
2024-05-07,Great Britain,Pembroke-1,Gas,unknown,2026-06-04 07:48:45.646647,5077.0
2024-05-07,Great Britain,Pembroke-2,Gas,unknown,2026-06-04 07:48:45.646647,5972.0
2024-05-08,France,Blenod-5,Gas,unknown,2026-06-04 07:48:45.675565,4268.0
2024-05-08,Great Britain,Hornsea-1,Wind,unknown,2026-06-04 07:48:45.618769,98.70364852
2024-05-08,Great Britain,Hornsea-2,Wind,unknown,2026-06-04 07:48:45.618769,61.69844841
2024-05-08,Great Britain,Pembroke-1,Gas,unknown,2026-06-04 07:48:45.646647,6285.0
2024-05-08,Great Britain,Pembroke-2,Gas,unknown,2026-06-04 07:48:45.646647,7444.0
2024-05-09,France,Blenod-5,Gas,unknown,2026-06-04 07:48:45.675565,3474.0
2024-05-09,Great Britain,Hornsea-1,Wind,unknown,2026-06-04 07:48:45.618769,421.6215747
2024-05-09,Great Britain,Hornsea-2,Wind,unknown,2026-06-04 07:48:45.618769,955.7043041
2024-05-09,Great Britain,Pembroke-1,Gas,unknown,2026-06-04 07:48:45.646647,8520.0
2024-05-09,Great Britain,Pembroke-2,Gas,unknown,2026-06-04 07:48:45.646647,6497.0
2024-05-10,France,Blenod-5,Gas,unknown,2026-06-04 07:48:45.675565,4725.0
2024-05-10,Great Britain,Hornsea-1,Wind,unknown,2026-06-04 07:48:45.618769,275.9140645
2024-05-10,Great Britain,Hornsea-2,Wind,unknown,2026-06-04 07:48:45.618769,799.1169349
2024-05-10,Great Britain,Pembroke-1,Gas,unknown,2026-06-04 07:48:45.646647,7385.0
2024-05-10,Great Britain,Pembroke-2,Gas,unknown,2026-06-04 07:48:45.646647,6325.0
2024-05-11,France,Blenod-5,Gas,unknown,2026-06-04 07:48:45.675565,5648.0
2024-05-11,Great Britain,Hornsea-1,Wind,unknown,2026-06-04 07:48:45.618769,168.7763114
2024-05-11,Great Britain,Hornsea-2,Wind,unknown,2026-06-04 07:48:45.618769,47.21472249
2024-05-11,Great Britain,Pembroke-1,Gas,unknown,2026-06-04 07:48:45.646647,5218.0
2024-05-11,Great Britain,Pembroke-2,Gas,unknown,2026-06-04 07:48:45.646647,6638.0
2024-05-12,France,Blenod-5,Gas,unknown,2026-06-04 07:48:45.675565,3861.0
2024-05-12,Great Britain,Hornsea-1,Wind,unknown,2026-06-04 07:48:45.618769,349.3477693
2024-05-12,Great Britain,Hornsea-2,Wind,unknown,2026-06-04 07:48:45.618769,78.36904615
2024-05-12,Great Britain,Pembroke-1,Gas,unknown,2026-06-04 07:48:45.646647,8269.0
2024-05-12,Great Britain,Pembroke-2,Gas,unknown,2026-06-04 07:48:45.646647,5142.0
2024-06-01,France,Blenod-5,Gas,unknown,2026-06-04 07:48:45.675565,5052.0
2024-06-01,Great Britain,Hornsea-1,Wind,unknown,2026-06-04 07:48:45.618769,482.9389507
2024-06-01,Great Britain,Hornsea-2,Wind,unknown,2026-06-04 07:48:45.618769,521.654297
2024-06-01,Great Britain,Pembroke-1,Gas,unknown,2026-06-04 07:48:45.646647,7354.0
2024-06-01,Great Britain,Pembroke-2,Gas,unknown,2026-06-04 07:48:45.646647,7311.0
2024-06-02,France,Blenod-5,Gas,unknown,2026-06-04 07:48:45.675565,4285.0
2024-06-02,Great Britain,Hornsea-1,Wind,unknown,2026-06-04 07:48:45.618769,634.5420897
2024-06-02,Great Britain,Hornsea-2,Wind,unknown,2026-06-04 07:48:45.618769,196.3304748
2024-06-02,Great Britain,Pembroke-1,Gas,unknown,2026-06-04 07:48:45.646647,8720.0
2024-06-02,Great Britain,Pembroke-2,Gas,unknown,2026-06-04 07:48:45.646647,6221.0
2024-06-03,France,Blenod-5,Gas,unknown,2026-06-04 07:48:45.675565,4342.0
2024-06-03,Great Britain,Hornsea-1,Wind,unknown,2026-06-04 07:48:45.618769,88.09394207
2024-06-03,Great Britain,Hornsea-2,Wind,unknown,2026-06-04 07:48:45.618769,204.5166774
2024-06-03,Great Britain,Pembroke-1,Gas,unknown,2026-06-04 07:48:45.646647,7172.0
2024-06-03,Great Britain,Pembroke-2,Gas,unknown,2026-06-04 07:48:45.646647,5353.0
2024-06-04,France,Blenod-5,Gas,unknown,2026-06-04 07:48:45.675565,4987.0
2024-06-04,Great Britain,Hornsea-1,Wind,unknown,2026-06-04 07:48:45.618769,440.0374263
2024-06-04,Great Britain,Hornsea-2,Wind,unknown,2026-06-04 07:48:45.618769,49.98052245
2024-06-04,Great Britain,Pembroke-1,Gas,unknown,2026-06-04 07:48:45.646647,5569.0
2024-06-04,Great Britain,Pembroke-2,Gas,unknown,2026-06-04 07:48:45.646647,8767.0
2024-06-05,France,Blenod-5,Gas,unknown,2026-06-04 07:48:45.675565,6373.0
2024-06-05,Great Britain,Hornsea-1,Wind,unknown,2026-06-04 07:48:45.618769,907.9553389
2024-06-05,Great Britain,Hornsea-2,Wind,unknown,2026-06-04 07:48:45.618769,757.0202267
2024-06-05,Great Britain,Pembroke-1,Gas,unknown,2026-06-04 07:48:45.646647,8598.0
2024-06-05,Great Britain,Pembroke-2,Gas,unknown,2026-06-04 07:48:45.646647,6006.0
2024-06-06,France,Blenod-5,Gas,unknown,2026-06-04 07:48:45.675565,3572.0
2024-06-06,Great Britain,Hornsea-1,Wind,unknown,2026-06-04 07:48:45.618769,152.1253541
2024-06-06,Great Britain,Hornsea-2,Wind,unknown,2026-06-04 07:48:45.618769,1.797160951
2024-06-06,Great Britain,Pembroke-1,Gas,unknown,2026-06-04 07:48:45.646647,6694.0
2024-06-06,Great Britain,Pembroke-2,Gas,unknown,2026-06-04 07:48:45.646647,8099.0
2024-06-07,France,Blenod-5,Gas,unknown,2026-06-04 07:48:45.675565,6451.0
2024-06-07,Great Britain,Hornsea-1,Wind,unknown,2026-06-04 07:48:45.618769,331.3850934
2024-06-07,Great Britain,Hornsea-2,Wind,unknown,2026-06-04 07:48:45.618769,600.8628827
2024-06-07,Great Britain,Pembroke-1,Gas,unknown,2026-06-04 07:48:45.646647,8707.0
2024-06-07,Great Britain,Pembroke-2,Gas,unknown,2026-06-04 07:48:45.646647,7711.0
2024-06-08,France,Blenod-5,Gas,unknown,2026-06-04 07:48:45.675565,4203.0
2024-06-08,Great Britain,Hornsea-1,Wind,unknown,2026-06-04 07:48:45.618769,812.3193273
2024-06-08,Great Britain,Hornsea-2,Wind,unknown,2026-06-04 07:48:45.618769,937.1042495
2024-06-08,Great Britain,Pembroke-1,Gas,unknown,2026-06-04 07:48:45.646647,8977.0
2024-06-08,Great Britain,Pembroke-2,Gas,unknown,2026-06-04 07:48:45.646647,8797.0
2024-06-09,France,Blenod-5,Gas,unknown,2026-06-04 07:48:45.675565,3116.0
2024-06-09,Great Britain,Hornsea-1,Wind,unknown,2026-06-04 07:48:45.618769,157.5949128
2024-06-09,Great Britain,Hornsea-2,Wind,unknown,2026-06-04 07:48:45.618769,209.3926264
2024-06-09,Great Britain,Pembroke-1,Gas,unknown,2026-06-04 07:48:45.646647,7566.0
2024-06-09,Great Britain,Pembroke-2,Gas,unknown,2026-06-04 07:48:45.646647,5749.0
2024-06-10,France,Blenod-5,Gas,unknown,2026-06-04 07:48:45.675565,4181.0
2024-06-10,Great Britain,Hornsea-1,Wind,unknown,2026-06-04 07:48:45.618769,750.8187548
2024-06-10,Great Britain,Hornsea-2,Wind,unknown,2026-06-04 07:48:45.618769,106.4071744
2024-06-10,Great Britain,Pembroke-1,Gas,unknown,2026-06-04 07:48:45.646647,6745.0
2024-06-10,Great Britain,Pembroke-2,Gas,unknown,2026-06-04 07:48:45.646647,5102.0
2024-06-11,France,Blenod-5,Gas,unknown,2026-06-04 07:48:45.675565,3198.0
2024-06-11,Great Britain,Hornsea-1,Wind,unknown,2026-06-04 07:48:45.618769,759.522864
2024-06-11,Great Britain,Hornsea-2,Wind,unknown,2026-06-04 07:48:45.618769,149.9277465
2024-06-11,Great Britain,Pembroke-1,Gas,unknown,2026-06-04 07:48:45.646647,5188.0
2024-06-11,Great Britain,Pembroke-2,Gas,unknown,2026-06-04 07:48:45.646647,6121.0
2024-06-12,France,Blenod-5,Gas,unknown,2026-06-04 07:48:45.675565,3792.0
2024-06-12,Great Britain,Hornsea-1,Wind,unknown,2026-06-04 07:48:45.618769,17.54180798
2024-06-12,Great Britain,Hornsea-2,Wind,unknown,2026-06-04 07:48:45.618769,467.3484608
2024-06-12,Great Britain,Pembroke-1,Gas,unknown,2026-06-04 07:48:45.646647,7339.0
2024-06-12,Great Britain,Pembroke-2,Gas,unknown,2026-06-04 07:48:45.646647,8224.0
2024-07-01,France,Blenod-5,Gas,unknown,2026-06-04 07:48:45.675565,6136.0
2024-07-01,Great Britain,Hornsea-1,Wind,unknown,2026-06-04 07:48:45.618769,391.9681302
2024-07-01,Great Britain,Hornsea-2,Wind,unknown,2026-06-04 07:48:45.618769,476.9700995
2024-07-01,Great Britain,Pembroke-1,Gas,unknown,2026-06-04 07:48:45.646647,6613.0
2024-07-01,Great Britain,Pembroke-2,Gas,unknown,2026-06-04 07:48:45.646647,8512.0
2024-07-02,France,Blenod-5,Gas,unknown,2026-06-04 07:48:45.675565,3934.0
2024-07-02,Great Britain,Hornsea-1,Wind,unknown,2026-06-04 07:48:45.618769,387.3183309
2024-07-02,Great Britain,Hornsea-2,Wind,unknown,2026-06-04 07:48:45.618769,380.6287002
2024-07-02,Great Britain,Pembroke-1,Gas,unknown,2026-06-04 07:48:45.646647,5450.0
2024-07-02,Great Britain,Pembroke-2,Gas,unknown,2026-06-04 07:48:45.646647,6259.0
2024-07-03,France,Blenod-5,Gas,unknown,2026-06-04 07:48:45.675565,5712.0
2024-07-03,Great Britain,Hornsea-1,Wind,unknown,2026-06-04 07:48:45.618769,764.2628121
2024-07-03,Great Britain,Hornsea-2,Wind,unknown,2026-06-04 07:48:45.618769,894.2499142
2024-07-03,Great Britain,Pembroke-1,Gas,unknown,2026-06-04 07:48:45.646647,8431.0
2024-07-03,Great Britain,Pembroke-2,Gas,unknown,2026-06-04 07:48:45.646647,5734.0
2024-07-04,France,Blenod-5,Gas,unknown,2026-06-04 07:48:45.675565,4348.0
2024-07-04,Great Britain,Hornsea-1,Wind,unknown,2026-06-04 07:48:45.618769,490.2587824
2024-07-04,Great Britain,Hornsea-2,Wind,unknown,2026-06-04 07:48:45.618769,335.0139466
2024-07-04,Great Britain,Pembroke-1,Gas,unknown,2026-06-04 07:48:45.646647,6306.0
2024-07-04,Great Britain,Pembroke-2,Gas,unknown,2026-06-04 07:48:45.646647,8785.0
2024-07-05,France,Blenod-5,Gas,unknown,2026-06-04 07:48:45.675565,4871.0
2024-07-05,Great Britain,Hornsea-1,Wind,unknown,2026-06-04 07:48:45.618769,122.0076776
2024-07-05,Great Britain,Hornsea-2,Wind,unknown,2026-06-04 07:48:45.618769,384.3004844
2024-07-05,Great Britain,Pembroke-1,Gas,unknown,2026-06-04 07:48:45.646647,6305.0
2024-07-05,Great Britain,Pembroke-2,Gas,unknown,2026-06-04 07:48:45.646647,5457.0
2024-07-06,France,Blenod-5,Gas,unknown,2026-06-04 07:48:45.675565,4729.0
2024-07-06,Great Britain,Hornsea-1,Wind,unknown,2026-06-04 07:48:45.618769,740.4453802
2024-07-06,Great Britain,Hornsea-2,Wind,unknown,2026-06-04 07:48:45.618769,377.9307003
2024-07-06,Great Britain,Pembroke-1,Gas,unknown,2026-06-04 07:48:45.646647,5789.0
2024-07-06,Great Britain,Pembroke-2,Gas,unknown,2026-06-04 07:48:45.646647,5627.0
2024-07-07,France,Blenod-5,Gas,unknown,2026-06-04 07:48:45.675565,6397.0
2024-07-07,Great Britain,Hornsea-1,Wind,unknown,2026-06-04 07:48:45.618769,214.4562681
2024-07-07,Great Britain,Hornsea-2,Wind,unknown,2026-06-04 07:48:45.618769,704.0345435
2024-07-07,Great Britain,Pembroke-1,Gas,unknown,2026-06-04 07:48:45.646647,6534.0
2024-07-07,Great Britain,Pembroke-2,Gas,unknown,2026-06-04 07:48:45.646647,5356.0
2024-07-08,France,Blenod-5,Gas,unknown,2026-06-04 07:48:45.675565,5812.0
2024-07-08,Great Britain,Hornsea-1,Wind,unknown,2026-06-04 07:48:45.618769,465.8576493
2024-07-08,Great Britain,Hornsea-2,Wind,unknown,2026-06-04 07:48:45.618769,439.9320857
2024-07-08,Great Britain,Pembroke-1,Gas,unknown,2026-06-04 07:48:45.646647,8263.0
2024-07-08,Great Britain,Pembroke-2,Gas,unknown,2026-06-04 07:48:45.646647,8978.0
2024-07-09,France,Blenod-5,Gas,unknown,2026-06-04 07:48:45.675565,3616.0
2024-07-09,Great Britain,Hornsea-1,Wind,unknown,2026-06-04 07:48:45.618769,569.5605237
2024-07-09,Great Britain,Hornsea-2,Wind,unknown,2026-06-04 07:48:45.618769,614.468268
2024-07-09,Great Britain,Pembroke-1,Gas,unknown,2026-06-04 07:48:45.646647,8665.0
2024-07-09,Great Britain,Pembroke-2,Gas,unknown,2026-06-04 07:48:45.646647,6238.0
2024-07-10,France,Blenod-5,Gas,unknown,2026-06-04 07:48:45.675565,4645.0
2024-07-10,Great Britain,Hornsea-1,Wind,unknown,2026-06-04 07:48:45.618769,120.57687
2024-07-10,Great Britain,Hornsea-2,Wind,unknown,2026-06-04 07:48:45.618769,95.7833078
2024-07-10,Great Britain,Pembroke-1,Gas,unknown,2026-06-04 07:48:45.646647,7786.0
2024-07-10,Great Britain,Pembroke-2,Gas,unknown,2026-06-04 07:48:45.646647,5521.0
2024-07-11,France,Blenod-5,Gas,unknown,2026-06-04 07:48:45.675565,3469.0
2024-07-11,Great Britain,Hornsea-1,Wind,unknown,2026-06-04 07:48:45.618769,215.9344942
2024-07-11,Great Britain,Hornsea-2,Wind,unknown,2026-06-04 07:48:45.618769,776.7635459
2024-07-11,Great Britain,Pembroke-1,Gas,unknown,2026-06-04 07:48:45.646647,7651.0
2024-07-11,Great Britain,Pembroke-2,Gas,unknown,2026-06-04 07:48:45.646647,5552.0
2024-07-12,France,Blenod-5,Gas,unknown,2026-06-04 07:48:45.675565,5016.0
2024-07-12,Great Britain,Hornsea-1,Wind,unknown,2026-06-04 07:48:45.618769,242.6867345
2024-07-12,Great Britain,Hornsea-2,Wind,unknown,2026-06-04 07:48:45.618769,698.1306455
2024-07-12,Great Britain,Pembroke-1,Gas,unknown,2026-06-04 07:48:45.646647,6300.0
2024-07-12,Great Britain,Pembroke-2,Gas,unknown,2026-06-04 07:48:45.646647,8068.0
2024-08-01,France,Blenod-5,Gas,unknown,2026-06-04 07:48:45.675565,5554.0
2024-08-01,Great Britain,Hornsea-1,Wind,unknown,2026-06-04 07:48:45.618769,478.3591693
2024-08-01,Great Britain,Hornsea-2,Wind,unknown,2026-06-04 07:48:45.618769,853.0502171
2024-08-01,Great Britain,Pembroke-1,Gas,unknown,2026-06-04 07:48:45.646647,8739.0
2024-08-01,Great Britain,Pembroke-2,Gas,unknown,2026-06-04 07:48:45.646647,5353.0
2024-08-02,France,Blenod-5,Gas,unknown,2026-06-04 07:48:45.675565,6413.0
2024-08-02,Great Britain,Hornsea-1,Wind,unknown,2026-06-04 07:48:45.618769,938.8456469
2024-08-02,Great Britain,Hornsea-2,Wind,unknown,2026-06-04 07:48:45.618769,542.1289554
2024-08-02,Great Britain,Pembroke-1,Gas,unknown,2026-06-04 07:48:45.646647,6566.0
2024-08-02,Great Britain,Pembroke-2,Gas,unknown,2026-06-04 07:48:45.646647,8230.0
2024-08-03,France,Blenod-5,Gas,unknown,2026-06-04 07:48:45.675565,4607.0
2024-08-03,Great Britain,Hornsea-1,Wind,unknown,2026-06-04 07:48:45.618769,122.3621974
2024-08-03,Great Britain,Hornsea-2,Wind,unknown,2026-06-04 07:48:45.618769,926.3474371
2024-08-03,Great Britain,Pembroke-1,Gas,unknown,2026-06-04 07:48:45.646647,7644.0
2024-08-03,Great Britain,Pembroke-2,Gas,unknown,2026-06-04 07:48:45.646647,5499.0
2024-08-04,France,Blenod-5,Gas,unknown,2026-06-04 07:48:45.675565,4338.0
2024-08-04,Great Britain,Hornsea-1,Wind,unknown,2026-06-04 07:48:45.618769,609.6281702
2024-08-04,Great Britain,Hornsea-2,Wind,unknown,2026-06-04 07:48:45.618769,645.7316741
2024-08-04,Great Britain,Pembroke-1,Gas,unknown,2026-06-04 07:48:45.646647,7823.0
2024-08-04,Great Britain,Pembroke-2,Gas,unknown,2026-06-04 07:48:45.646647,6425.0
2024-08-05,France,Blenod-5,Gas,unknown,2026-06-04 07:48:45.675565,6698.0
2024-08-05,Great Britain,Hornsea-1,Wind,unknown,2026-06-04 07:48:45.618769,351.0785544
2024-08-05,Great Britain,Hornsea-2,Wind,unknown,2026-06-04 07:48:45.618769,894.6555533
2024-08-05,Great Britain,Pembroke-1,Gas,unknown,2026-06-04 07:48:45.646647,8930.0
2024-08-05,Great Britain,Pembroke-2,Gas,unknown,2026-06-04 07:48:45.646647,8585.0
2024-08-06,France,Blenod-5,Gas,unknown,2026-06-04 07:48:45.675565,3845.0
2024-08-06,Great Britain,Hornsea-1,Wind,unknown,2026-06-04 07:48:45.618769,82.0180079
2024-08-06,Great Britain,Hornsea-2,Wind,unknown,2026-06-04 07:48:45.618769,979.9527828
2024-08-06,Great Britain,Pembroke-1,Gas,unknown,2026-06-04 07:48:45.646647,5889.0
2024-08-06,Great Britain,Pembroke-2,Gas,unknown,2026-06-04 07:48:45.646647,7794.0
2024-08-07,France,Blenod-5,Gas,unknown,2026-06-04 07:48:45.675565,3414.0
2024-08-07,Great Britain,Hornsea-1,Wind,unknown,2026-06-04 07:48:45.618769,369.5114442
2024-08-07,Great Britain,Hornsea-2,Wind,unknown,2026-06-04 07:48:45.618769,212.9077798
2024-08-07,Great Britain,Pembroke-1,Gas,unknown,2026-06-04 07:48:45.646647,7105.0
2024-08-07,Great Britain,Pembroke-2,Gas,unknown,2026-06-04 07:48:45.646647,8882.0
2024-08-08,France,Blenod-5,Gas,unknown,2026-06-04 07:48:45.675565,5394.0
2024-08-08,Great Britain,Hornsea-1,Wind,unknown,2026-06-04 07:48:45.618769,834.0426233
2024-08-08,Great Britain,Hornsea-2,Wind,unknown,2026-06-04 07:48:45.618769,392.4302783
2024-08-08,Great Britain,Pembroke-1,Gas,unknown,2026-06-04 07:48:45.646647,5801.0
2024-08-08,Great Britain,Pembroke-2,Gas,unknown,2026-06-04 07:48:45.646647,7043.0
2024-08-09,France,Blenod-5,Gas,unknown,2026-06-04 07:48:45.675565,5818.0
2024-08-09,Great Britain,Hornsea-1,Wind,unknown,2026-06-04 07:48:45.618769,628.88382
2024-08-09,Great Britain,Hornsea-2,Wind,unknown,2026-06-04 07:48:45.618769,440.4100608
2024-08-09,Great Britain,Pembroke-1,Gas,unknown,2026-06-04 07:48:45.646647,7954.0
2024-08-09,Great Britain,Pembroke-2,Gas,unknown,2026-06-04 07:48:45.646647,6361.0
2024-08-10,France,Blenod-5,Gas,unknown,2026-06-04 07:48:45.675565,4367.0
2024-08-10,Great Britain,Hornsea-1,Wind,unknown,2026-06-04 07:48:45.618769,807.3302988
2024-08-10,Great Britain,Hornsea-2,Wind,unknown,2026-06-04 07:48:45.618769,475.6129961
2024-08-10,Great Britain,Pembroke-1,Gas,unknown,2026-06-04 07:48:45.646647,7444.0
2024-08-10,Great Britain,Pembroke-2,Gas,unknown,2026-06-04 07:48:45.646647,7830.0
2024-08-11,France,Blenod-5,Gas,unknown,2026-06-04 07:48:45.675565,3115.0
2024-08-11,Great Britain,Hornsea-1,Wind,unknown,2026-06-04 07:48:45.618769,342.7450923
2024-08-11,Great Britain,Hornsea-2,Wind,unknown,2026-06-04 07:48:45.618769,156.6165245
2024-08-11,Great Britain,Pembroke-1,Gas,unknown,2026-06-04 07:48:45.646647,7049.0
2024-08-11,Great Britain,Pembroke-2,Gas,unknown,2026-06-04 07:48:45.646647,8057.0
2024-08-12,France,Blenod-5,Gas,unknown,2026-06-04 07:48:45.675565,3659.0
2024-08-12,Great Britain,Hornsea-1,Wind,unknown,2026-06-04 07:48:45.618769,844.4929699
2024-08-12,Great Britain,Hornsea-2,Wind,unknown,2026-06-04 07:48:45.618769,87.14017861
2024-08-12,Great Britain,Pembroke-1,Gas,unknown,2026-06-04 07:48:45.646647,6569.0
2024-08-12,Great Britain,Pembroke-2,Gas,unknown,2026-06-04 07:48:45.646647,7459.0
2024-09-01,France,Blenod-5,Gas,unknown,2026-06-04 07:48:45.675565,3533.0
2024-09-01,Great Britain,Hornsea-1,Wind,unknown,2026-06-04 07:48:45.618769,730.1891955
2024-09-01,Great Britain,Hornsea-2,Wind,unknown,2026-06-04 07:48:45.618769,353.8227219
2024-09-01,Great Britain,Pembroke-1,Gas,unknown,2026-06-04 07:48:45.646647,7078.0
2024-09-01,Great Britain,Pembroke-2,Gas,unknown,2026-06-04 07:48:45.646647,8133.0
2024-09-02,France,Blenod-5,Gas,unknown,2026-06-04 07:48:45.675565,6350.0
2024-09-02,Great Britain,Hornsea-1,Wind,unknown,2026-06-04 07:48:45.618769,419.8764371
2024-09-02,Great Britain,Hornsea-2,Wind,unknown,2026-06-04 07:48:45.618769,48.12538453
2024-09-02,Great Britain,Pembroke-1,Gas,unknown,2026-06-04 07:48:45.646647,8809.0
2024-09-02,Great Britain,Pembroke-2,Gas,unknown,2026-06-04 07:48:45.646647,6748.0
2024-09-03,France,Blenod-5,Gas,unknown,2026-06-04 07:48:45.675565,4094.0
2024-09-03,Great Britain,Hornsea-1,Wind,unknown,2026-06-04 07:48:45.618769,518.35246
2024-09-03,Great Britain,Hornsea-2,Wind,unknown,2026-06-04 07:48:45.618769,432.5773228
2024-09-03,Great Britain,Pembroke-1,Gas,unknown,2026-06-04 07:48:45.646647,6848.0
2024-09-03,Great Britain,Pembroke-2,Gas,unknown,2026-06-04 07:48:45.646647,6779.0
2024-09-04,France,Blenod-5,Gas,unknown,2026-06-04 07:48:45.675565,3292.0
2024-09-04,Great Britain,Hornsea-1,Wind,unknown,2026-06-04 07:48:45.618769,995.1330706
2024-09-04,Great Britain,Hornsea-2,Wind,unknown,2026-06-04 07:48:45.618769,258.8895412
2024-09-04,Great Britain,Pembroke-1,Gas,unknown,2026-06-04 07:48:45.646647,8087.0
2024-09-04,Great Britain,Pembroke-2,Gas,unknown,2026-06-04 07:48:45.646647,5167.0
2024-09-05,France,Blenod-5,Gas,unknown,2026-06-04 07:48:45.675565,3382.0
2024-09-05,Great Britain,Hornsea-1,Wind,unknown,2026-06-04 07:48:45.618769,18.15025244
2024-09-05,Great Britain,Hornsea-2,Wind,unknown,2026-06-04 07:48:45.618769,45.99446335
2024-09-05,Great Britain,Pembroke-1,Gas,unknown,2026-06-04 07:48:45.646647,8458.0
2024-09-05,Great Britain,Pembroke-2,Gas,unknown,2026-06-04 07:48:45.646647,6101.0
2024-09-06,France,Blenod-5,Gas,unknown,2026-06-04 07:48:45.675565,5379.0
2024-09-06,Great Britain,Hornsea-1,Wind,unknown,2026-06-04 07:48:45.618769,192.7050389
2024-09-06,Great Britain,Hornsea-2,Wind,unknown,2026-06-04 07:48:45.618769,821.8002969
2024-09-06,Great Britain,Pembroke-1,Gas,unknown,2026-06-04 07:48:45.646647,8394.0
2024-09-06,Great Britain,Pembroke-2,Gas,unknown,2026-06-04 07:48:45.646647,7147.0
2024-09-07,France,Blenod-5,Gas,unknown,2026-06-04 07:48:45.675565,6212.0
2024-09-07,Great Britain,Hornsea-1,Wind,unknown,2026-06-04 07:48:45.618769,935.1765318
2024-09-07,Great Britain,Hornsea-2,Wind,unknown,2026-06-04 07:48:45.618769,850.8872038
2024-09-07,Great Britain,Pembroke-1,Gas,unknown,2026-06-04 07:48:45.646647,7843.0
2024-09-07,Great Britain,Pembroke-2,Gas,unknown,2026-06-04 07:48:45.646647,7093.0
2024-09-08,France,Blenod-5,Gas,unknown,2026-06-04 07:48:45.675565,3762.0
2024-09-08,Great Britain,Hornsea-1,Wind,unknown,2026-06-04 07:48:45.618769,607.3529329
2024-09-08,Great Britain,Hornsea-2,Wind,unknown,2026-06-04 07:48:45.618769,146.1199307
2024-09-08,Great Britain,Pembroke-1,Gas,unknown,2026-06-04 07:48:45.646647,8855.0
2024-09-08,Great Britain,Pembroke-2,Gas,unknown,2026-06-04 07:48:45.646647,7808.0
2024-09-09,France,Blenod-5,Gas,unknown,2026-06-04 07:48:45.675565,6922.0
2024-09-09,Great Britain,Hornsea-1,Wind,unknown,2026-06-04 07:48:45.618769,751.8748474
2024-09-09,Great Britain,Hornsea-2,Wind,unknown,2026-06-04 07:48:45.618769,169.3705054
2024-09-09,Great Britain,Pembroke-1,Gas,unknown,2026-06-04 07:48:45.646647,7304.0
2024-09-09,Great Britain,Pembroke-2,Gas,unknown,2026-06-04 07:48:45.646647,7875.0
2024-09-10,France,Blenod-5,Gas,unknown,2026-06-04 07:48:45.675565,6777.0
2024-09-10,Great Britain,Hornsea-1,Wind,unknown,2026-06-04 07:48:45.618769,990.9856469
2024-09-10,Great Britain,Hornsea-2,Wind,unknown,2026-06-04 07:48:45.618769,52.13720844
2024-09-10,Great Britain,Pembroke-1,Gas,unknown,2026-06-04 07:48:45.646647,6534.0
2024-09-10,Great Britain,Pembroke-2,Gas,unknown,2026-06-04 07:48:45.646647,5308.0
2024-09-11,France,Blenod-5,Gas,unknown,2026-06-04 07:48:45.675565,5008.0
2024-09-11,Great Britain,Hornsea-1,Wind,unknown,2026-06-04 07:48:45.618769,149.454041
2024-09-11,Great Britain,Hornsea-2,Wind,unknown,2026-06-04 07:48:45.618769,432.7986337
2024-09-11,Great Britain,Pembroke-1,Gas,unknown,2026-06-04 07:48:45.646647,6582.0
2024-09-11,Great Britain,Pembroke-2,Gas,unknown,2026-06-04 07:48:45.646647,6760.0
2024-09-12,France,Blenod-5,Gas,unknown,2026-06-04 07:48:45.675565,5249.0
2024-09-12,Great Britain,Hornsea-1,Wind,unknown,2026-06-04 07:48:45.618769,13.76716977
2024-09-12,Great Britain,Hornsea-2,Wind,unknown,2026-06-04 07:48:45.618769,300.3795373
2024-09-12,Great Britain,Pembroke-1,Gas,unknown,2026-06-04 07:48:45.646647,5171.0
2024-09-12,Great Britain,Pembroke-2,Gas,unknown,2026-06-04 07:48:45.646647,7660.0
2024-10-01,France,Blenod-5,Gas,unknown,2026-06-04 07:48:45.675565,5835.0
2024-10-01,Great Britain,Hornsea-1,Wind,unknown,2026-06-04 07:48:45.618769,108.9094077
2024-10-01,Great Britain,Hornsea-2,Wind,unknown,2026-06-04 07:48:45.618769,381.8532617
2024-10-01,Great Britain,Pembroke-1,Gas,unknown,2026-06-04 07:48:45.646647,6384.0
2024-10-01,Great Britain,Pembroke-2,Gas,unknown,2026-06-04 07:48:45.646647,5684.0
2024-10-02,France,Blenod-5,Gas,unknown,2026-06-04 07:48:45.675565,3818.0
2024-10-02,Great Britain,Hornsea-1,Wind,unknown,2026-06-04 07:48:45.618769,966.3768979
2024-10-02,Great Britain,Hornsea-2,Wind,unknown,2026-06-04 07:48:45.618769,35.73395383
2024-10-02,Great Britain,Pembroke-1,Gas,unknown,2026-06-04 07:48:45.646647,5222.0
2024-10-02,Great Britain,Pembroke-2,Gas,unknown,2026-06-04 07:48:45.646647,5158.0
2024-10-03,France,Blenod-5,Gas,unknown,2026-06-04 07:48:45.675565,5183.0
2024-10-03,Great Britain,Hornsea-1,Wind,unknown,2026-06-04 07:48:45.618769,50.59921987
2024-10-03,Great Britain,Hornsea-2,Wind,unknown,2026-06-04 07:48:45.618769,546.5110514
2024-10-03,Great Britain,Pembroke-1,Gas,unknown,2026-06-04 07:48:45.646647,8616.0
2024-10-03,Great Britain,Pembroke-2,Gas,unknown,2026-06-04 07:48:45.646647,6759.0
2024-10-04,France,Blenod-5,Gas,unknown,2026-06-04 07:48:45.675565,6542.0
2024-10-04,Great Britain,Hornsea-1,Wind,unknown,2026-06-04 07:48:45.618769,567.1181277
2024-10-04,Great Britain,Hornsea-2,Wind,unknown,2026-06-04 07:48:45.618769,297.9716881
2024-10-04,Great Britain,Pembroke-1,Gas,unknown,2026-06-04 07:48:45.646647,7432.0
2024-10-04,Great Britain,Pembroke-2,Gas,unknown,2026-06-04 07:48:45.646647,6416.0
2024-10-05,France,Blenod-5,Gas,unknown,2026-06-04 07:48:45.675565,5369.0
2024-10-05,Great Britain,Hornsea-1,Wind,unknown,2026-06-04 07:48:45.618769,95.68674183
2024-10-05,Great Britain,Hornsea-2,Wind,unknown,2026-06-04 07:48:45.618769,181.9893241
2024-10-05,Great Britain,Pembroke-1,Gas,unknown,2026-06-04 07:48:45.646647,5932.0
2024-10-05,Great Britain,Pembroke-2,Gas,unknown,2026-06-04 07:48:45.646647,6086.0
2024-10-06,France,Blenod-5,Gas,unknown,2026-06-04 07:48:45.675565,6316.0
2024-10-06,Great Britain,Hornsea-1,Wind,unknown,2026-06-04 07:48:45.618769,433.828455
2024-10-06,Great Britain,Hornsea-2,Wind,unknown,2026-06-04 07:48:45.618769,299.3921276
2024-10-06,Great Britain,Pembroke-1,Gas,unknown,2026-06-04 07:48:45.646647,5562.0
2024-10-06,Great Britain,Pembroke-2,Gas,unknown,2026-06-04 07:48:45.646647,5617.0
2024-10-07,France,Blenod-5,Gas,unknown,2026-06-04 07:48:45.675565,5747.0
2024-10-07,Great Britain,Hornsea-1,Wind,unknown,2026-06-04 07:48:45.618769,186.0453531
2024-10-07,Great Britain,Pembroke-1,Gas,unknown,2026-06-04 07:48:45.646647,8065.0
2024-10-07,Great Britain,Pembroke-2,Gas,unknown,2026-06-04 07:48:45.646647,5114.0
2024-10-08,France,Blenod-5,Gas,unknown,2026-06-04 07:48:45.675565,4815.0
2024-10-08,Great Britain,Hornsea-1,Wind,unknown,2026-06-04 07:48:45.618769,760.740948
2024-10-08,Great Britain,Hornsea-2,Wind,unknown,2026-06-04 07:48:45.618769,375.3760373
2024-10-08,Great Britain,Pembroke-1,Gas,unknown,2026-06-04 07:48:45.646647,8086.0
2024-10-08,Great Britain,Pembroke-2,Gas,unknown,2026-06-04 07:48:45.646647,8394.0
2024-10-09,France,Blenod-5,Gas,unknown,2026-06-04 07:48:45.675565,3541.0
2024-10-09,Great Britain,Hornsea-1,Wind,unknown,2026-06-04 07:48:45.618769,656.9052174
2024-10-09,Great Britain,Hornsea-2,Wind,unknown,2026-06-04 07:48:45.618769,793.8832184
2024-10-09,Great Britain,Pembroke-1,Gas,unknown,2026-06-04 07:48:45.646647,6629.0
2024-10-09,Great Britain,Pembroke-2,Gas,unknown,2026-06-04 07:48:45.646647,6504.0
2024-10-10,France,Blenod-5,Gas,unknown,2026-06-04 07:48:45.675565,5555.0
2024-10-10,Great Britain,Hornsea-1,Wind,unknown,2026-06-04 07:48:45.618769,818.9368261
2024-10-10,Great Britain,Hornsea-2,Wind,unknown,2026-06-04 07:48:45.618769,385.4338878
2024-10-10,Great Britain,Pembroke-1,Gas,unknown,2026-06-04 07:48:45.646647,8531.0
2024-10-10,Great Britain,Pembroke-2,Gas,unknown,2026-06-04 07:48:45.646647,7967.0
2024-10-11,France,Blenod-5,Gas,unknown,2026-06-04 07:48:45.675565,6502.0
2024-10-11,Great Britain,Hornsea-1,Wind,unknown,2026-06-04 07:48:45.618769,660.7239791
2024-10-11,Great Britain,Hornsea-2,Wind,unknown,2026-06-04 07:48:45.618769,501.6529548
2024-10-11,Great Britain,Pembroke-1,Gas,unknown,2026-06-04 07:48:45.646647,6177.0
2024-10-11,Great Britain,Pembroke-2,Gas,unknown,2026-06-04 07:48:45.646647,8622.0
2024-10-12,France,Blenod-5,Gas,unknown,2026-06-04 07:48:45.675565,6813.0
2024-10-12,Great Britain,Hornsea-1,Wind,unknown,2026-06-04 07:48:45.618769,601.9155411
2024-10-12,Great Britain,Hornsea-2,Wind,unknown,2026-06-04 07:48:45.618769,583.282855
2024-10-12,Great Britain,Pembroke-1,Gas,unknown,2026-06-04 07:48:45.646647,8798.0
2024-10-12,Great Britain,Pembroke-2,Gas,unknown,2026-06-04 07:48:45.646647,7124.0
2024-11-01,France,Blenod-5,Gas,unknown,2026-06-04 07:48:45.675565,4914.0
2024-11-01,Great Britain,Hornsea-1,Wind,unknown,2026-06-04 07:48:45.618769,788.0407364
2024-11-01,Great Britain,Hornsea-2,Wind,unknown,2026-06-04 07:48:45.618769,258.9121837
2024-11-01,Great Britain,Pembroke-1,Gas,unknown,2026-06-04 07:48:45.646647,7589.0
2024-11-01,Great Britain,Pembroke-2,Gas,unknown,2026-06-04 07:48:45.646647,7648.0
2024-11-02,France,Blenod-5,Gas,unknown,2026-06-04 07:48:45.675565,6417.0
2024-11-02,Great Britain,Hornsea-1,Wind,unknown,2026-06-04 07:48:45.618769,523.0203005
2024-11-02,Great Britain,Hornsea-2,Wind,unknown,2026-06-04 07:48:45.618769,276.4523981
2024-11-02,Great Britain,Pembroke-1,Gas,unknown,2026-06-04 07:48:45.646647,6061.0
2024-11-02,Great Britain,Pembroke-2,Gas,unknown,2026-06-04 07:48:45.646647,8955.0
2024-11-03,France,Blenod-5,Gas,unknown,2026-06-04 07:48:45.675565,3666.0
2024-11-03,Great Britain,Hornsea-1,Wind,unknown,2026-06-04 07:48:45.618769,827.5956726
2024-11-03,Great Britain,Hornsea-2,Wind,unknown,2026-06-04 07:48:45.618769,912.76545
2024-11-03,Great Britain,Pembroke-1,Gas,unknown,2026-06-04 07:48:45.646647,8010.0
2024-11-03,Great Britain,Pembroke-2,Gas,unknown,2026-06-04 07:48:45.646647,6824.0
2024-11-04,France,Blenod-5,Gas,unknown,2026-06-04 07:48:45.675565,3235.0
2024-11-04,Great Britain,Hornsea-1,Wind,unknown,2026-06-04 07:48:45.618769,703.3752213
2024-11-04,Great Britain,Hornsea-2,Wind,unknown,2026-06-04 07:48:45.618769,999.1650955
2024-11-04,Great Britain,Pembroke-1,Gas,unknown,2026-06-04 07:48:45.646647,8007.0
2024-11-04,Great Britain,Pembroke-2,Gas,unknown,2026-06-04 07:48:45.646647,8653.0
2024-11-05,France,Blenod-5,Gas,unknown,2026-06-04 07:48:45.675565,4198.0
2024-11-05,Great Britain,Hornsea-1,Wind,unknown,2026-06-04 07:48:45.618769,566.3299249
2024-11-05,Great Britain,Hornsea-2,Wind,unknown,2026-06-04 07:48:45.618769,904.8543553
2024-11-05,Great Britain,Pembroke-1,Gas,unknown,2026-06-04 07:48:45.646647,8328.0
2024-11-05,Great Britain,Pembroke-2,Gas,unknown,2026-06-04 07:48:45.646647,5630.0
2024-11-06,France,Blenod-5,Gas,unknown,2026-06-04 07:48:45.675565,5513.0
2024-11-06,Great Britain,Hornsea-1,Wind,unknown,2026-06-04 07:48:45.618769,681.0232057
2024-11-06,Great Britain,Hornsea-2,Wind,unknown,2026-06-04 07:48:45.618769,717.9438155
2024-11-06,Great Britain,Pembroke-1,Gas,unknown,2026-06-04 07:48:45.646647,6293.0
2024-11-06,Great Britain,Pembroke-2,Gas,unknown,2026-06-04 07:48:45.646647,6978.0
2024-11-07,France,Blenod-5,Gas,unknown,2026-06-04 07:48:45.675565,6460.0
2024-11-07,Great Britain,Hornsea-1,Wind,unknown,2026-06-04 07:48:45.618769,346.7582946
2024-11-07,Great Britain,Pembroke-1,Gas,unknown,2026-06-04 07:48:45.646647,6701.0
2024-11-07,Great Britain,Pembroke-2,Gas,unknown,2026-06-04 07:48:45.646647,5865.0
2024-11-08,France,Blenod-5,Gas,unknown,2026-06-04 07:48:45.675565,5657.0
2024-11-08,Great Britain,Hornsea-1,Wind,unknown,2026-06-04 07:48:45.618769,571.6716454
2024-11-08,Great Britain,Hornsea-2,Wind,unknown,2026-06-04 07:48:45.618769,824.7332167
2024-11-08,Great Britain,Pembroke-1,Gas,unknown,2026-06-04 07:48:45.646647,8621.0
2024-11-08,Great Britain,Pembroke-2,Gas,unknown,2026-06-04 07:48:45.646647,6151.0
2024-11-09,France,Blenod-5,Gas,unknown,2026-06-04 07:48:45.675565,3110.0
2024-11-09,Great Britain,Hornsea-1,Wind,unknown,2026-06-04 07:48:45.618769,150.4863418
2024-11-09,Great Britain,Hornsea-2,Wind,unknown,2026-06-04 07:48:45.618769,992.2252571
2024-11-09,Great Britain,Pembroke-1,Gas,unknown,2026-06-04 07:48:45.646647,8737.0
2024-11-09,Great Britain,Pembroke-2,Gas,unknown,2026-06-04 07:48:45.646647,8088.0
2024-11-10,France,Blenod-5,Gas,unknown,2026-06-04 07:48:45.675565,6466.0
2024-11-10,Great Britain,Hornsea-1,Wind,unknown,2026-06-04 07:48:45.618769,859.8599374
2024-11-10,Great Britain,Hornsea-2,Wind,unknown,2026-06-04 07:48:45.618769,79.85695723
2024-11-10,Great Britain,Pembroke-1,Gas,unknown,2026-06-04 07:48:45.646647,8215.0
2024-11-10,Great Britain,Pembroke-2,Gas,unknown,2026-06-04 07:48:45.646647,5252.0
2024-11-11,France,Blenod-5,Gas,unknown,2026-06-04 07:48:45.675565,3251.0
2024-11-11,Great Britain,Hornsea-1,Wind,unknown,2026-06-04 07:48:45.618769,23.54748283
2024-11-11,Great Britain,Hornsea-2,Wind,unknown,2026-06-04 07:48:45.618769,943.8835981
2024-11-11,Great Britain,Pembroke-1,Gas,unknown,2026-06-04 07:48:45.646647,8258.0
2024-11-11,Great Britain,Pembroke-2,Gas,unknown,2026-06-04 07:48:45.646647,8934.0
2024-11-12,France,Blenod-5,Gas,unknown,2026-06-04 07:48:45.675565,5046.0
2024-11-12,Great Britain,Hornsea-1,Wind,unknown,2026-06-04 07:48:45.618769,57.21050477
2024-11-12,Great Britain,Hornsea-2,Wind,unknown,2026-06-04 07:48:45.618769,722.0220396
2024-11-12,Great Britain,Pembroke-1,Gas,unknown,2026-06-04 07:48:45.646647,8058.0
2024-11-12,Great Britain,Pembroke-2,Gas,unknown,2026-06-04 07:48:45.646647,8976.0
2024-12-01,France,Blenod-5,Gas,unknown,2026-06-04 07:48:45.675565,6393.0
2024-12-01,Great Britain,Hornsea-1,Wind,unknown,2026-06-04 07:48:45.618769,900.6480505
2024-12-01,Great Britain,Hornsea-2,Wind,unknown,2026-06-04 07:48:45.618769,631.6111419
2024-12-01,Great Britain,Pembroke-1,Gas,unknown,2026-06-04 07:48:45.646647,5647.0
2024-12-01,Great Britain,Pembroke-2,Gas,unknown,2026-06-04 07:48:45.646647,6145.0
2024-12-02,France,Blenod-5,Gas,unknown,2026-06-04 07:48:45.675565,6895.0
2024-12-02,Great Britain,Hornsea-1,Wind,unknown,2026-06-04 07:48:45.618769,757.1752262
2024-12-02,Great Britain,Hornsea-2,Wind,unknown,2026-06-04 07:48:45.618769,369.849217
2024-12-02,Great Britain,Pembroke-1,Gas,unknown,2026-06-04 07:48:45.646647,6313.0
2024-12-02,Great Britain,Pembroke-2,Gas,unknown,2026-06-04 07:48:45.646647,6260.0
2024-12-03,France,Blenod-5,Gas,unknown,2026-06-04 07:48:45.675565,3707.0
2024-12-03,Great Britain,Hornsea-1,Wind,unknown,2026-06-04 07:48:45.618769,639.7484508
2024-12-03,Great Britain,Hornsea-2,Wind,unknown,2026-06-04 07:48:45.618769,231.674439
2024-12-03,Great Britain,Pembroke-1,Gas,unknown,2026-06-04 07:48:45.646647,8283.0
2024-12-03,Great Britain,Pembroke-2,Gas,unknown,2026-06-04 07:48:45.646647,5660.0
2024-12-04,France,Blenod-5,Gas,unknown,2026-06-04 07:48:45.675565,3417.0
2024-12-04,Great Britain,Hornsea-1,Wind,unknown,2026-06-04 07:48:45.618769,512.2964287
2024-12-04,Great Britain,Hornsea-2,Wind,unknown,2026-06-04 07:48:45.618769,711.620614
2024-12-04,Great Britain,Pembroke-1,Gas,unknown,2026-06-04 07:48:45.646647,6593.0
2024-12-04,Great Britain,Pembroke-2,Gas,unknown,2026-06-04 07:48:45.646647,7009.0
2024-12-05,France,Blenod-5,Gas,unknown,2026-06-04 07:48:45.675565,3191.0
2024-12-05,Great Britain,Hornsea-1,Wind,unknown,2026-06-04 07:48:45.618769,201.9324855
2024-12-05,Great Britain,Hornsea-2,Wind,unknown,2026-06-04 07:48:45.618769,689.1128701
2024-12-05,Great Britain,Pembroke-1,Gas,unknown,2026-06-04 07:48:45.646647,8052.0
2024-12-05,Great Britain,Pembroke-2,Gas,unknown,2026-06-04 07:48:45.646647,6039.0
2024-12-06,France,Blenod-5,Gas,unknown,2026-06-04 07:48:45.675565,5735.0
2024-12-06,Great Britain,Hornsea-1,Wind,unknown,2026-06-04 07:48:45.618769,688.4347961
2024-12-06,Great Britain,Hornsea-2,Wind,unknown,2026-06-04 07:48:45.618769,328.3221761
2024-12-06,Great Britain,Pembroke-1,Gas,unknown,2026-06-04 07:48:45.646647,7579.0
2024-12-06,Great Britain,Pembroke-2,Gas,unknown,2026-06-04 07:48:45.646647,8636.0
2024-12-07,France,Blenod-5,Gas,unknown,2026-06-04 07:48:45.675565,3457.0
2024-12-07,Great Britain,Hornsea-1,Wind,unknown,2026-06-04 07:48:45.618769,165.8619781
2024-12-07,Great Britain,Pembroke-1,Gas,unknown,2026-06-04 07:48:45.646647,7424.0
2024-12-07,Great Britain,Pembroke-2,Gas,unknown,2026-06-04 07:48:45.646647,6127.0
2024-12-08,France,Blenod-5,Gas,unknown,2026-06-04 07:48:45.675565,4605.0
2024-12-08,Great Britain,Hornsea-1,Wind,unknown,2026-06-04 07:48:45.618769,975.6047492
2024-12-08,Great Britain,Hornsea-2,Wind,unknown,2026-06-04 07:48:45.618769,715.8058069
2024-12-08,Great Britain,Pembroke-1,Gas,unknown,2026-06-04 07:48:45.646647,6934.0
2024-12-08,Great Britain,Pembroke-2,Gas,unknown,2026-06-04 07:48:45.646647,8047.0
2024-12-09,France,Blenod-5,Gas,unknown,2026-06-04 07:48:45.675565,4097.0
2024-12-09,Great Britain,Hornsea-1,Wind,unknown,2026-06-04 07:48:45.618769,134.3271165
2024-12-09,Great Britain,Hornsea-2,Wind,unknown,2026-06-04 07:48:45.618769,572.0250451
2024-12-09,Great Britain,Pembroke-1,Gas,unknown,2026-06-04 07:48:45.646647,6920.0
2024-12-09,Great Britain,Pembroke-2,Gas,unknown,2026-06-04 07:48:45.646647,7514.0
2024-12-10,France,Blenod-5,Gas,unknown,2026-06-04 07:48:45.675565,5051.0
2024-12-10,Great Britain,Hornsea-1,Wind,unknown,2026-06-04 07:48:45.618769,266.4759876
2024-12-10,Great Britain,Hornsea-2,Wind,unknown,2026-06-04 07:48:45.618769,929.595893
2024-12-10,Great Britain,Pembroke-1,Gas,unknown,2026-06-04 07:48:45.646647,5162.0
2024-12-10,Great Britain,Pembroke-2,Gas,unknown,2026-06-04 07:48:45.646647,5427.0
2024-12-11,France,Blenod-5,Gas,unknown,2026-06-04 07:48:45.675565,6684.0
2024-12-11,Great Britain,Hornsea-1,Wind,unknown,2026-06-04 07:48:45.618769,577.9046945
2024-12-11,Great Britain,Hornsea-2,Wind,unknown,2026-06-04 07:48:45.618769,878.231928
2024-12-11,Great Britain,Pembroke-1,Gas,unknown,2026-06-04 07:48:45.646647,8007.0
2024-12-11,Great Britain,Pembroke-2,Gas,unknown,2026-06-04 07:48:45.646647,7066.0
2024-12-12,France,Blenod-5,Gas,unknown,2026-06-04 07:48:45.675565,5805.0
2024-12-12,Great Britain,Hornsea-1,Wind,unknown,2026-06-04 07:48:45.618769,344.8401026
2024-12-12,Great Britain,Hornsea-2,Wind,unknown,2026-06-04 07:48:45.618769,740.3338044
2024-12-12,Great Britain,Pembroke-1,Gas,unknown,2026-06-04 07:48:45.646647,5026.0
2024-12-12,Great Britain,Pembroke-2,Gas,unknown,2026-06-04 07:48:45.646647,7114.0
2025-01-01,France,Blenod-5,Gas,unknown,2026-06-04 07:48:45.675565,4844.0
2025-01-01,Great Britain,Hornsea-1,Wind,unknown,2026-06-04 07:48:45.618769,158.7035617
2025-01-01,Great Britain,Hornsea-2,Wind,unknown,2026-06-04 07:48:45.618769,852.1181159
2025-01-01,Great Britain,Pembroke-1,Gas,unknown,2026-06-04 07:48:45.646647,8643.0
2025-01-01,Great Britain,Pembroke-2,Gas,unknown,2026-06-04 07:48:45.646647,8071.0
2025-01-02,France,Blenod-5,Gas,unknown,2026-06-04 07:48:45.675565,6475.0
2025-01-02,Great Britain,Hornsea-1,Wind,unknown,2026-06-04 07:48:45.618769,535.8874287
2025-01-02,Great Britain,Hornsea-2,Wind,unknown,2026-06-04 07:48:45.618769,150.7325098
2025-01-02,Great Britain,Pembroke-1,Gas,unknown,2026-06-04 07:48:45.646647,7506.0
2025-01-02,Great Britain,Pembroke-2,Gas,unknown,2026-06-04 07:48:45.646647,6177.0
2025-01-03,France,Blenod-5,Gas,unknown,2026-06-04 07:48:45.675565,3406.0
2025-01-03,Great Britain,Hornsea-1,Wind,unknown,2026-06-04 07:48:45.618769,687.0882595
2025-01-03,Great Britain,Hornsea-2,Wind,unknown,2026-06-04 07:48:45.618769,752.8971993
2025-01-03,Great Britain,Pembroke-1,Gas,unknown,2026-06-04 07:48:45.646647,6370.0
2025-01-03,Great Britain,Pembroke-2,Gas,unknown,2026-06-04 07:48:45.646647,7499.0
2025-01-04,France,Blenod-5,Gas,unknown,2026-06-04 07:48:45.675565,3921.0
2025-01-04,Great Britain,Hornsea-1,Wind,unknown,2026-06-04 07:48:45.618769,999.6974955
2025-01-04,Great Britain,Hornsea-2,Wind,unknown,2026-06-04 07:48:45.618769,799.751396
2025-01-04,Great Britain,Pembroke-1,Gas,unknown,2026-06-04 07:48:45.646647,6454.0
2025-01-04,Great Britain,Pembroke-2,Gas,unknown,2026-06-04 07:48:45.646647,7071.0
2025-02-01,France,Blenod-5,Gas,unknown,2026-06-04 07:48:45.675565,5063.0
2025-02-01,Great Britain,Hornsea-1,Wind,unknown,2026-06-04 07:48:45.618769,450.0280415
2025-02-01,Great Britain,Hornsea-2,Wind,unknown,2026-06-04 07:48:45.618769,764.2097863
2025-02-01,Great Britain,Pembroke-1,Gas,unknown,2026-06-04 07:48:45.646647,7960.0
2025-02-01,Great Britain,Pembroke-2,Gas,unknown,2026-06-04 07:48:45.646647,6633.0
2025-02-02,France,Blenod-5,Gas,unknown,2026-06-04 07:48:45.675565,4111.0
2025-02-02,Great Britain,Hornsea-1,Wind,unknown,2026-06-04 07:48:45.618769,355.5576436
2025-02-02,Great Britain,Hornsea-2,Wind,unknown,2026-06-04 07:48:45.618769,980.8909885
2025-02-02,Great Britain,Pembroke-1,Gas,unknown,2026-06-04 07:48:45.646647,8269.0
2025-02-02,Great Britain,Pembroke-2,Gas,unknown,2026-06-04 07:48:45.646647,8732.0
2025-02-03,France,Blenod-5,Gas,unknown,2026-06-04 07:48:45.675565,4188.0
2025-02-03,Great Britain,Hornsea-1,Wind,unknown,2026-06-04 07:48:45.618769,450.9573558
2025-02-03,Great Britain,Hornsea-2,Wind,unknown,2026-06-04 07:48:45.618769,794.6721668
2025-02-03,Great Britain,Pembroke-1,Gas,unknown,2026-06-04 07:48:45.646647,6989.0
2025-02-03,Great Britain,Pembroke-2,Gas,unknown,2026-06-04 07:48:45.646647,8335.0
2025-02-04,France,Blenod-5,Gas,unknown,2026-06-04 07:48:45.675565,4094.0
2025-02-04,Great Britain,Hornsea-1,Wind,unknown,2026-06-04 07:48:45.618769,491.6372436
2025-02-04,Great Britain,Hornsea-2,Wind,unknown,2026-06-04 07:48:45.618769,457.2806253
2025-02-04,Great Britain,Pembroke-1,Gas,unknown,2026-06-04 07:48:45.646647,7922.0
2025-02-04,Great Britain,Pembroke-2,Gas,unknown,2026-06-04 07:48:45.646647,6902.0
2025-03-01,France,Blenod-5,Gas,unknown,2026-06-04 07:48:45.675565,4145.0
2025-03-01,Great Britain,Hornsea-1,Wind,unknown,2026-06-04 07:48:45.618769,401.1065042
2025-03-01,Great Britain,Hornsea-2,Wind,unknown,2026-06-04 07:48:45.618769,139.942632
2025-03-01,Great Britain,Pembroke-1,Gas,unknown,2026-06-04 07:48:45.646647,5151.0
2025-03-01,Great Britain,Pembroke-2,Gas,unknown,2026-06-04 07:48:45.646647,7777.0
2025-03-02,France,Blenod-5,Gas,unknown,2026-06-04 07:48:45.675565,5647.0
2025-03-02,Great Britain,Hornsea-1,Wind,unknown,2026-06-04 07:48:45.618769,728.0757602
2025-03-02,Great Britain,Hornsea-2,Wind,unknown,2026-06-04 07:48:45.618769,334.1827368
2025-03-02,Great Britain,Pembroke-1,Gas,unknown,2026-06-04 07:48:45.646647,6970.0
2025-03-02,Great Britain,Pembroke-2,Gas,unknown,2026-06-04 07:48:45.646647,8149.0
2025-03-03,France,Blenod-5,Gas,unknown,2026-06-04 07:48:45.675565,5829.0
2025-03-03,Great Britain,Hornsea-1,Wind,unknown,2026-06-04 07:48:45.618769,145.2362004
2025-03-03,Great Britain,Hornsea-2,Wind,unknown,2026-06-04 07:48:45.618769,512.9451195
2025-03-03,Great Britain,Pembroke-1,Gas,unknown,2026-06-04 07:48:45.646647,6271.0
2025-03-03,Great Britain,Pembroke-2,Gas,unknown,2026-06-04 07:48:45.646647,8762.0
2025-03-04,France,Blenod-5,Gas,unknown,2026-06-04 07:48:45.675565,3362.0
2025-03-04,Great Britain,Hornsea-1,Wind,unknown,2026-06-04 07:48:45.618769,690.2401927
2025-03-04,Great Britain,Hornsea-2,Wind,unknown,2026-06-04 07:48:45.618769,703.6004544
2025-03-04,Great Britain,Pembroke-1,Gas,unknown,2026-06-04 07:48:45.646647,6553.0
2025-03-04,Great Britain,Pembroke-2,Gas,unknown,2026-06-04 07:48:45.646647,6236.0
2025-04-01,France,Blenod-5,Gas,unknown,2026-06-04 07:48:45.675565,6390.0
2025-04-01,Great Britain,Hornsea-1,Wind,unknown,2026-06-04 07:48:45.618769,835.8988778
2025-04-01,Great Britain,Hornsea-2,Wind,unknown,2026-06-04 07:48:45.618769,357.0030052
2025-04-01,Great Britain,Pembroke-1,Gas,unknown,2026-06-04 07:48:45.646647,7340.0
2025-04-01,Great Britain,Pembroke-2,Gas,unknown,2026-06-04 07:48:45.646647,5762.0
2025-04-02,France,Blenod-5,Gas,unknown,2026-06-04 07:48:45.675565,3170.0
2025-04-02,Great Britain,Hornsea-1,Wind,unknown,2026-06-04 07:48:45.618769,406.3830395
2025-04-02,Great Britain,Hornsea-2,Wind,unknown,2026-06-04 07:48:45.618769,508.8684741
2025-04-02,Great Britain,Pembroke-1,Gas,unknown,2026-06-04 07:48:45.646647,7815.0
2025-04-02,Great Britain,Pembroke-2,Gas,unknown,2026-06-04 07:48:45.646647,7912.0
2025-04-03,France,Blenod-5,Gas,unknown,2026-06-04 07:48:45.675565,5385.0
2025-04-03,Great Britain,Hornsea-1,Wind,unknown,2026-06-04 07:48:45.618769,554.4635655
2025-04-03,Great Britain,Hornsea-2,Wind,unknown,2026-06-04 07:48:45.618769,745.362303
2025-04-03,Great Britain,Pembroke-1,Gas,unknown,2026-06-04 07:48:45.646647,7909.0
2025-04-03,Great Britain,Pembroke-2,Gas,unknown,2026-06-04 07:48:45.646647,5897.0
2025-04-04,France,Blenod-5,Gas,unknown,2026-06-04 07:48:45.675565,5684.0
2025-04-04,Great Britain,Hornsea-1,Wind,unknown,2026-06-04 07:48:45.618769,368.3462865
2025-04-04,Great Britain,Hornsea-2,Wind,unknown,2026-06-04 07:48:45.618769,882.1050162
2025-04-04,Great Britain,Pembroke-1,Gas,unknown,2026-06-04 07:48:45.646647,7015.0
2025-04-04,Great Britain,Pembroke-2,Gas,unknown,2026-06-04 07:48:45.646647,8845.0
2025-05-01,France,Blenod-5,Gas,unknown,2026-06-04 07:48:45.675565,6599.0
2025-05-01,Great Britain,Hornsea-1,Wind,unknown,2026-06-04 07:48:45.618769,592.9701317
2025-05-01,Great Britain,Hornsea-2,Wind,unknown,2026-06-04 07:48:45.618769,209.0898501
2025-05-01,Great Britain,Pembroke-1,Gas,unknown,2026-06-04 07:48:45.646647,8688.0
2025-05-01,Great Britain,Pembroke-2,Gas,unknown,2026-06-04 07:48:45.646647,8609.0
2025-05-02,France,Blenod-5,Gas,unknown,2026-06-04 07:48:45.675565,6379.0
2025-05-02,Great Britain,Hornsea-1,Wind,unknown,2026-06-04 07:48:45.618769,947.2724751
2025-05-02,Great Britain,Hornsea-2,Wind,unknown,2026-06-04 07:48:45.618769,299.4333519
2025-05-02,Great Britain,Pembroke-1,Gas,unknown,2026-06-04 07:48:45.646647,6821.0
2025-05-02,Great Britain,Pembroke-2,Gas,unknown,2026-06-04 07:48:45.646647,8005.0
2025-05-03,France,Blenod-5,Gas,unknown,2026-06-04 07:48:45.675565,3274.0
2025-05-03,Great Britain,Hornsea-1,Wind,unknown,2026-06-04 07:48:45.618769,-27.56
2025-05-03,Great Britain,Hornsea-2,Wind,unknown,2026-06-04 07:48:45.618769,287.3622119
2025-05-03,Great Britain,Pembroke-1,Gas,unknown,2026-06-04 07:48:45.646647,5118.0
2025-05-03,Great Britain,Pembroke-2,Gas,unknown,2026-06-04 07:48:45.646647,7152.0
2025-05-04,France,Blenod-5,Gas,unknown,2026-06-04 07:48:45.675565,4224.0
2025-05-04,Great Britain,Hornsea-1,Wind,unknown,2026-06-04 07:48:45.618769,844.2810735
2025-05-04,Great Britain,Hornsea-2,Wind,unknown,2026-06-04 07:48:45.618769,893.2220764
2025-05-04,Great Britain,Pembroke-1,Gas,unknown,2026-06-04 07:48:45.646647,7006.0
2025-05-04,Great Britain,Pembroke-2,Gas,unknown,2026-06-04 07:48:45.646647,6353.0
2025-06-01,France,Blenod-5,Gas,unknown,2026-06-04 07:48:45.675565,6488.0
2025-06-01,Great Britain,Hornsea-1,Wind,unknown,2026-06-04 07:48:45.618769,658.4689657
2025-06-01,Great Britain,Hornsea-2,Wind,unknown,2026-06-04 07:48:45.618769,20.68262001
2025-06-01,Great Britain,Pembroke-1,Gas,unknown,2026-06-04 07:48:45.646647,7458.0
2025-06-01,Great Britain,Pembroke-2,Gas,unknown,2026-06-04 07:48:45.646647,8400.0
2025-06-02,France,Blenod-5,Gas,unknown,2026-06-04 07:48:45.675565,6360.0
2025-06-02,Great Britain,Hornsea-1,Wind,unknown,2026-06-04 07:48:45.618769,289.6618711
2025-06-02,Great Britain,Hornsea-2,Wind,unknown,2026-06-04 07:48:45.618769,573.6922328
2025-06-02,Great Britain,Pembroke-1,Gas,unknown,2026-06-04 07:48:45.646647,5107.0
2025-06-02,Great Britain,Pembroke-2,Gas,unknown,2026-06-04 07:48:45.646647,5491.0
2025-06-03,France,Blenod-5,Gas,unknown,2026-06-04 07:48:45.675565,5141.0
2025-06-03,Great Britain,Hornsea-1,Wind,unknown,2026-06-04 07:48:45.618769,328.0702
2025-06-03,Great Britain,Hornsea-2,Wind,unknown,2026-06-04 07:48:45.618769,883.529801
2025-06-03,Great Britain,Pembroke-1,Gas,unknown,2026-06-04 07:48:45.646647,6422.0
2025-06-03,Great Britain,Pembroke-2,Gas,unknown,2026-06-04 07:48:45.646647,7674.0
2025-06-04,France,Blenod-5,Gas,unknown,2026-06-04 07:48:45.675565,3433.0
2025-06-04,Great Britain,Hornsea-1,Wind,unknown,2026-06-04 07:48:45.618769,146.3377723
2025-06-04,Great Britain,Hornsea-2,Wind,unknown,2026-06-04 07:48:45.618769,533.4870565
2025-06-04,Great Britain,Pembroke-1,Gas,unknown,2026-06-04 07:48:45.646647,7375.0
2025-06-04,Great Britain,Pembroke-2,Gas,unknown,2026-06-04 07:48:45.646647,5975.0
2025-07-01,France,Blenod-5,Gas,unknown,2026-06-04 07:48:45.675565,3206.0
2025-07-01,Great Britain,Hornsea-1,Wind,unknown,2026-06-04 07:48:45.618769,310.5063394
2025-07-01,Great Britain,Hornsea-2,Wind,unknown,2026-06-04 07:48:45.618769,631.2228633
2025-07-01,Great Britain,Pembroke-1,Gas,unknown,2026-06-04 07:48:45.646647,8964.0
2025-07-01,Great Britain,Pembroke-2,Gas,unknown,2026-06-04 07:48:45.646647,7797.0
2025-07-02,France,Blenod-5,Gas,unknown,2026-06-04 07:48:45.675565,3174.0
2025-07-02,Great Britain,Hornsea-1,Wind,unknown,2026-06-04 07:48:45.618769,221.0476732
2025-07-02,Great Britain,Hornsea-2,Wind,unknown,2026-06-04 07:48:45.618769,540.8672796
2025-07-02,Great Britain,Pembroke-1,Gas,unknown,2026-06-04 07:48:45.646647,7346.0
2025-07-02,Great Britain,Pembroke-2,Gas,unknown,2026-06-04 07:48:45.646647,8717.0
2025-07-03,France,Blenod-5,Gas,unknown,2026-06-04 07:48:45.675565,5811.0
2025-07-03,Great Britain,Hornsea-1,Wind,unknown,2026-06-04 07:48:45.618769,167.4199017
2025-07-03,Great Britain,Hornsea-2,Wind,unknown,2026-06-04 07:48:45.618769,107.6494787
2025-07-03,Great Britain,Pembroke-1,Gas,unknown,2026-06-04 07:48:45.646647,5171.0
2025-07-03,Great Britain,Pembroke-2,Gas,unknown,2026-06-04 07:48:45.646647,8545.0
2025-07-04,France,Blenod-5,Gas,unknown,2026-06-04 07:48:45.675565,6260.0
2025-07-04,Great Britain,Hornsea-1,Wind,unknown,2026-06-04 07:48:45.618769,150.2457996
2025-07-04,Great Britain,Hornsea-2,Wind,unknown,2026-06-04 07:48:45.618769,151.7608346
2025-07-04,Great Britain,Pembroke-1,Gas,unknown,2026-06-04 07:48:45.646647,8292.0
2025-07-04,Great Britain,Pembroke-2,Gas,unknown,2026-06-04 07:48:45.646647,5226.0
2025-08-01,France,Blenod-5,Gas,unknown,2026-06-04 07:48:45.675565,3088.0
2025-08-01,Great Britain,Hornsea-1,Wind,unknown,2026-06-04 07:48:45.618769,850.0423588
2025-08-01,Great Britain,Hornsea-2,Wind,unknown,2026-06-04 07:48:45.618769,65.98452114
2025-08-01,Great Britain,Pembroke-1,Gas,unknown,2026-06-04 07:48:45.646647,7587.0
2025-08-01,Great Britain,Pembroke-2,Gas,unknown,2026-06-04 07:48:45.646647,6490.0
2025-08-02,France,Blenod-5,Gas,unknown,2026-06-04 07:48:45.675565,4236.0
2025-08-02,Great Britain,Hornsea-1,Wind,unknown,2026-06-04 07:48:45.618769,204.2951
2025-08-02,Great Britain,Hornsea-2,Wind,unknown,2026-06-04 07:48:45.618769,842.2940152
2025-08-02,Great Britain,Pembroke-1,Gas,unknown,2026-06-04 07:48:45.646647,5281.0
2025-08-02,Great Britain,Pembroke-2,Gas,unknown,2026-06-04 07:48:45.646647,7887.0
2025-08-03,France,Blenod-5,Gas,unknown,2026-06-04 07:48:45.675565,4294.0
2025-08-03,Great Britain,Hornsea-1,Wind,unknown,2026-06-04 07:48:45.618769,698.2547517
2025-08-03,Great Britain,Hornsea-2,Wind,unknown,2026-06-04 07:48:45.618769,617.6875862
2025-08-03,Great Britain,Pembroke-1,Gas,unknown,2026-06-04 07:48:45.646647,6735.0
2025-08-03,Great Britain,Pembroke-2,Gas,unknown,2026-06-04 07:48:45.646647,7678.0
2025-08-04,France,Blenod-5,Gas,unknown,2026-06-04 07:48:45.675565,3231.0
2025-08-04,Great Britain,Hornsea-1,Wind,unknown,2026-06-04 07:48:45.618769,429.8082196
2025-08-04,Great Britain,Hornsea-2,Wind,unknown,2026-06-04 07:48:45.618769,452.6935932
2025-08-04,Great Britain,Pembroke-1,Gas,unknown,2026-06-04 07:48:45.646647,8814.0
2025-08-04,Great Britain,Pembroke-2,Gas,unknown,2026-06-04 07:48:45.646647,7335.0
2025-09-01,France,Blenod-5,Gas,unknown,2026-06-04 07:48:45.675565,4882.0
2025-09-01,Great Britain,Hornsea-1,Wind,unknown,2026-06-04 07:48:45.618769,721.313705
2025-09-01,Great Britain,Hornsea-2,Wind,unknown,2026-06-04 07:48:45.618769,844.8679174
2025-09-01,Great Britain,Pembroke-1,Gas,unknown,2026-06-04 07:48:45.646647,6524.0
2025-09-01,Great Britain,Pembroke-2,Gas,unknown,2026-06-04 07:48:45.646647,6258.0
2025-09-02,France,Blenod-5,Gas,unknown,2026-06-04 07:48:45.675565,6501.0
2025-09-02,Great Britain,Hornsea-1,Wind,unknown,2026-06-04 07:48:45.618769,61.19720392
2025-09-02,Great Britain,Hornsea-2,Wind,unknown,2026-06-04 07:48:45.618769,39.94906178
2025-09-02,Great Britain,Pembroke-1,Gas,unknown,2026-06-04 07:48:45.646647,5442.0
2025-09-02,Great Britain,Pembroke-2,Gas,unknown,2026-06-04 07:48:45.646647,8436.0
2025-09-03,France,Blenod-5,Gas,unknown,2026-06-04 07:48:45.675565,3367.0
2025-09-03,Great Britain,Hornsea-1,Wind,unknown,2026-06-04 07:48:45.618769,445.2617969
2025-09-03,Great Britain,Hornsea-2,Wind,unknown,2026-06-04 07:48:45.618769,735.3782237
2025-09-03,Great Britain,Pembroke-1,Gas,unknown,2026-06-04 07:48:45.646647,7716.0
2025-09-03,Great Britain,Pembroke-2,Gas,unknown,2026-06-04 07:48:45.646647,5584.0
2025-09-04,France,Blenod-5,Gas,unknown,2026-06-04 07:48:45.675565,6362.0
2025-09-04,Great Britain,Hornsea-1,Wind,unknown,2026-06-04 07:48:45.618769,664.1529795
2025-09-04,Great Britain,Hornsea-2,Wind,unknown,2026-06-04 07:48:45.618769,67.21231593
2025-09-04,Great Britain,Pembroke-1,Gas,unknown,2026-06-04 07:48:45.646647,5966.0
2025-09-04,Great Britain,Pembroke-2,Gas,unknown,2026-06-04 07:48:45.646647,8769.0
2025-10-01,France,Blenod-5,Gas,unknown,2026-06-04 07:48:45.675565,6281.0
2025-10-01,Great Britain,Hornsea-1,Wind,unknown,2026-06-04 07:48:45.618769,703.4330106
2025-10-01,Great Britain,Hornsea-2,Wind,unknown,2026-06-04 07:48:45.618769,667.6867869
2025-10-01,Great Britain,Pembroke-1,Gas,unknown,2026-06-04 07:48:45.646647,6184.0
2025-10-01,Great Britain,Pembroke-2,Gas,unknown,2026-06-04 07:48:45.646647,6299.0
2025-10-02,France,Blenod-5,Gas,unknown,2026-06-04 07:48:45.675565,3470.0
2025-10-02,Great Britain,Hornsea-1,Wind,unknown,2026-06-04 07:48:45.618769,909.5466509
2025-10-02,Great Britain,Hornsea-2,Wind,unknown,2026-06-04 07:48:45.618769,186.7803907
2025-10-02,Great Britain,Pembroke-1,Gas,unknown,2026-06-04 07:48:45.646647,6855.0
2025-10-02,Great Britain,Pembroke-2,Gas,unknown,2026-06-04 07:48:45.646647,6977.0
2025-10-03,France,Blenod-5,Gas,unknown,2026-06-04 07:48:45.675565,6754.0
2025-10-03,Great Britain,Hornsea-1,Wind,unknown,2026-06-04 07:48:45.618769,819.6163675
2025-10-03,Great Britain,Hornsea-2,Wind,unknown,2026-06-04 07:48:45.618769,378.6810322
2025-10-03,Great Britain,Pembroke-1,Gas,unknown,2026-06-04 07:48:45.646647,5958.0
2025-10-03,Great Britain,Pembroke-2,Gas,unknown,2026-06-04 07:48:45.646647,8069.0
2025-10-04,France,Blenod-5,Gas,unknown,2026-06-04 07:48:45.675565,5917.0
2025-10-04,Great Britain,Hornsea-1,Wind,unknown,2026-06-04 07:48:45.618769,209.5268529
2025-10-04,Great Britain,Hornsea-2,Wind,unknown,2026-06-04 07:48:45.618769,38.94811069
2025-10-04,Great Britain,Pembroke-1,Gas,unknown,2026-06-04 07:48:45.646647,7926.0
2025-10-04,Great Britain,Pembroke-2,Gas,unknown,2026-06-04 07:48:45.646647,7833.0
2025-11-01,France,Blenod-5,Gas,unknown,2026-06-04 07:48:45.675565,4357.0
2025-11-01,Great Britain,Hornsea-1,Wind,unknown,2026-06-04 07:48:45.618769,503.2789266
2025-11-01,Great Britain,Hornsea-2,Wind,unknown,2026-06-04 07:48:45.618769,872.7080854
2025-11-01,Great Britain,Pembroke-1,Gas,unknown,2026-06-04 07:48:45.646647,7709.0
2025-11-01,Great Britain,Pembroke-2,Gas,unknown,2026-06-04 07:48:45.646647,8018.0
2025-11-02,France,Blenod-5,Gas,unknown,2026-06-04 07:48:45.675565,5924.0
2025-11-02,Great Britain,Hornsea-1,Wind,unknown,2026-06-04 07:48:45.618769,426.0437946
2025-11-02,Great Britain,Hornsea-2,Wind,unknown,2026-06-04 07:48:45.618769,700.3394208
2025-11-02,Great Britain,Pembroke-1,Gas,unknown,2026-06-04 07:48:45.646647,5821.0
2025-11-02,Great Britain,Pembroke-2,Gas,unknown,2026-06-04 07:48:45.646647,7455.0
2025-11-03,France,Blenod-5,Gas,unknown,2026-06-04 07:48:45.675565,5317.0
2025-11-03,Great Britain,Hornsea-1,Wind,unknown,2026-06-04 07:48:45.618769,301.8312826
2025-11-03,Great Britain,Hornsea-2,Wind,unknown,2026-06-04 07:48:45.618769,263.3745022
2025-11-03,Great Britain,Pembroke-1,Gas,unknown,2026-06-04 07:48:45.646647,5737.0
2025-11-03,Great Britain,Pembroke-2,Gas,unknown,2026-06-04 07:48:45.646647,8278.0
2025-11-04,France,Blenod-5,Gas,unknown,2026-06-04 07:48:45.675565,3156.0
2025-11-04,Great Britain,Hornsea-1,Wind,unknown,2026-06-04 07:48:45.618769,524.5408573
2025-11-04,Great Britain,Hornsea-2,Wind,unknown,2026-06-04 07:48:45.618769,439.3113748
2025-11-04,Great Britain,Pembroke-1,Gas,unknown,2026-06-04 07:48:45.646647,7361.0
2025-11-04,Great Britain,Pembroke-2,Gas,unknown,2026-06-04 07:48:45.646647,5911.0
2025-12-01,France,Blenod-5,Gas,unknown,2026-06-04 07:48:45.675565,4023.0
2025-12-01,Great Britain,Hornsea-1,Wind,unknown,2026-06-04 07:48:45.618769,585.5173323
2025-12-01,Great Britain,Hornsea-2,Wind,unknown,2026-06-04 07:48:45.618769,429.5695168
2025-12-01,Great Britain,Pembroke-1,Gas,unknown,2026-06-04 07:48:45.646647,6249.0
2025-12-01,Great Britain,Pembroke-2,Gas,unknown,2026-06-04 07:48:45.646647,6381.0
2025-12-02,France,Blenod-5,Gas,unknown,2026-06-04 07:48:45.675565,3699.0
2025-12-02,Great Britain,Hornsea-1,Wind,unknown,2026-06-04 07:48:45.618769,775.3237024
2025-12-02,Great Britain,Hornsea-2,Wind,unknown,2026-06-04 07:48:45.618769,57.23550471
2025-12-02,Great Britain,Pembroke-1,Gas,unknown,2026-06-04 07:48:45.646647,5652.0
2025-12-02,Great Britain,Pembroke-2,Gas,unknown,2026-06-04 07:48:45.646647,6599.0
2025-12-03,France,Blenod-5,Gas,unknown,2026-06-04 07:48:45.675565,3816.0
2025-12-03,Great Britain,Hornsea-1,Wind,unknown,2026-06-04 07:48:45.618769,327.5683712
2025-12-03,Great Britain,Hornsea-2,Wind,unknown,2026-06-04 07:48:45.618769,905.4216419
2025-12-03,Great Britain,Pembroke-1,Gas,unknown,2026-06-04 07:48:45.646647,7492.0
2025-12-03,Great Britain,Pembroke-2,Gas,unknown,2026-06-04 07:48:45.646647,8080.0
2025-12-04,France,Blenod-5,Gas,unknown,2026-06-04 07:48:45.675565,3804.0
2025-12-04,Great Britain,Hornsea-1,Wind,unknown,2026-06-04 07:48:45.618769,157.6280239
2025-12-04,Great Britain,Hornsea-2,Wind,unknown,2026-06-04 07:48:45.618769,334.1764145
2025-12-04,Great Britain,Pembroke-1,Gas,unknown,2026-06-04 07:48:45.646647,7084.0
2025-12-04,Great Britain,Pembroke-2,Gas,unknown,2026-06-04 07:48:45.646647,8352.0
